location,lat,lon,region
-31.2Â°N/-61.8Â°E104.4m,-31.2,-61.8,NORTE
-30.9Â°N/-62.1Â°E97.4m,-30.9,-62.1,NORTE
-30.9Â°N/-61.8Â°E99.6m,-30.9,-61.8,NORTE
-30.6Â°N/-62.1Â°E,-30.6,-62.1,NORTE
-30.6Â°N/-61.8Â°E95.1m,-30.6,-61.8,NORTE
-30.6Â°N/-61.5Â°E85.7m,-30.6,-61.5,NORTE
-30.3Â°N/-62.1Â°E,-30.3,-62.1,NORTE
-30.3Â°N/-61.8Â°E91.0m,-30.3,-61.8,NORTE
-30.3Â°N/-61.5Â°E82.6m,-30.3,-61.5,NORTE
-30.0Â°N/-62.1Â°E83.5m,-30,-62.1,NORTE
-30.0Â°N/-61.8Â°E86.0m,-30,-61.8,NORTE
-30.0Â°N/-61.5Â°E75.4m,-30,-61.5,NORTE
-30.0Â°N/-61.2Â°E66.2m,-30,-61.2,NORTE
-29.7Â°N/-62.1Â°E79.0m,-29.7,-62.1,NORTE
-29.7Â°N/-61.8Â°E76.2m,-29.7,-61.8,NORTE
-29.7Â°N/-61.5Â°E69.2m,-29.7,-61.5,NORTE
-29.7Â°N/-61.2Â°E61.9m,-29.7,-61.2,NORTE
-29.4Â°N/-61.8Â°E76.3m,-29.4,-61.8,NORTE
-29.4Â°N/-61.5Â°E68.2m,-29.4,-61.5,NORTE
-29.4Â°N/-61.2Â°E64.4m,-29.4,-61.2,NORTE
-33.6Â°N/-63.6Â°E175.5m,-33.6,-63.6,CORDOBA
-33.6Â°N/-63.3Â°E140.5m,-33.6,-63.3,CORDOBA
-33.3Â°N/-63.6Â°E197.1m,-33.3,-63.6,CORDOBA
-33.3Â°N/-63.3Â°E153.9m,-33.3,-63.3,CORDOBA
-33.0Â°N/-63.6Â°E219.2m,-33,-63.6,CORDOBA
-33.0Â°N/-63.3Â°E174.2m,-33,-63.3,CORDOBA
-35.7Â°N/-62.4Â°E87.6m,-35.7,-62.4,CENTRO
-35.4Â°N/-63.9Â°E144.0m,-35.4,-63.9,CENTRO
-35.4Â°N/-63.6Â°E126.6m,-35.4,-63.6,CENTRO
-35.4Â°N/-62.7Â°E98.1m,-35.4,-62.7,CENTRO
-35.4Â°N/-62.4Â°E93.2m,-35.4,-62.4,CENTRO
-35.4Â°N/-62.1Â°E90.5m,-35.4,-62.1,CENTRO
-35.1Â°N/-63.9Â°E141.6m,-35.1,-63.9,CENTRO
-35.1Â°N/-63.6Â°E128.3m,-35.1,-63.6,CENTRO
-35.1Â°N/-63.3Â°E118.5m,-35.1,-63.3,CENTRO
-35.1Â°N/-63.0Â°E111.1m,-35.1,-63,CENTRO
-35.1Â°N/-62.7Â°E106.9m,-35.1,-62.7,CENTRO
-35.1Â°N/-62.4Â°E103.8m,-35.1,-62.4,CENTRO
-34.8Â°N/-63.3Â°E125.2m,-34.8,-63.3,CENTRO
-34.8Â°N/-63.0Â°E118.6m,-34.8,-63,CENTRO
-34.8Â°N/-62.7Â°E111.6m,-34.8,-62.7,CENTRO
-34.5Â°N/-63.3Â°E133.7m,-34.5,-63.3,CENTRO
-34.5Â°N/-63.0Â°E125.3m,-34.5,-63,CENTRO
-34.5Â°N/-62.7Â°E115.7m,-34.5,-62.7,CENTRO
-34.5Â°N/-62.4Â°E109.8m,-34.5,-62.4,CENTRO
-32.4Â°N/-64.5Â°E739.8m,-32.4,-64.5,CORDOBA
-32.4Â°N/-64.2Â°E469.5m,-32.4,-64.2,CORDOBA
-32.1Â°N/-64.5Â°E751.2m,-32.1,-64.5,CORDOBA
-32.1Â°N/-64.2Â°E448.6m,-32.1,-64.2,CORDOBA
-32.1Â°N/-63.9Â°E353.8m,-32.1,-63.9,CORDOBA
-31.8Â°N/-64.2Â°E449.4m,-31.8,-64.2,NORTE
-31.8Â°N/-63.9Â°E340.0m,-31.8,-63.9,NORTE
-31.5Â°N/-64.2Â°E491.5m,-31.5,-64.2,NORTE
-34.2Â°N/-63.0Â°E128.8m,-34.2,-63,CENTRO
-34.2Â°N/-62.7Â°E120.8m,-34.2,-62.7,CENTRO
-34.2Â°N/-62.4Â°E116.2m,-34.2,-62.4,CENTRO
-34.2Â°N/-62.1Â°E110.0m,-34.2,-62.1,CENTRO
-33.9Â°N/-63.0Â°E128.2m,-33.9,-63,CENTRO
-33.9Â°N/-62.7Â°E124.0m,-33.9,-62.7,CENTRO
-33.3Â°N/-61.8Â°E103.4m,-33.3,-61.8,CORDOBA
-33.3Â°N/-61.5Â°E94.6m,-33.3,-61.5,CORDOBA
-38.4Â°N/-59.1Â°E61.3m,-38.4,-59.1,SUR
-38.4Â°N/-58.8Â°E,-38.4,-58.8,SUR
-38.4Â°N/-58.5Â°E,-38.4,-58.5,SUR
-38.1Â°N/-59.4Â°E129.2m,-38.1,-59.4,SUR
-37.8Â°N/-59.4Â°E188.7m,-37.8,-59.4,SUR
-33.6Â°N/-64.2Â°E271.5m,-33.6,-64.2,CORDOBA
-33.6Â°N/-63.9Â°E223.2m,-33.6,-63.9,CORDOBA
-33.3Â°N/-65.1Â°E763.4m,-33.3,-65.1,CORDOBA
-33.3Â°N/-64.8Â°E614.9m,-33.3,-64.8,CORDOBA
-33.3Â°N/-64.5Â°E440.9m,-33.3,-64.5,CORDOBA
-33.3Â°N/-64.2Â°E336.0m,-33.3,-64.2,CORDOBA
-33.3Â°N/-63.9Â°E264.4m,-33.3,-63.9,CORDOBA
-33.0Â°N/-63.9Â°E301.4m,-33,-63.9,CORDOBA
-32.7Â°N/-63.9Â°E335.5m,-32.7,-63.9,CORDOBA
-32.7Â°N/-63.6Â°E236.8m,-32.7,-63.6,CORDOBA
-33.0Â°N/-64.8Â°E816.0m,-33,-64.8,CORDOBA
-33.0Â°N/-64.5Â°E567.2m,-33,-64.5,CORDOBA
-33.0Â°N/-64.2Â°E395.1m,-33,-64.2,CORDOBA
-32.7Â°N/-64.8Â°E989.5m,-32.7,-64.8,CORDOBA
-32.7Â°N/-64.5Â°E707.5m,-32.7,-64.5,CORDOBA
-32.7Â°N/-64.2Â°E466.3m,-32.7,-64.2,CORDOBA
-34.8Â°N/-63.6Â°E132.5m,-34.8,-63.6,CORDOBA
-34.5Â°N/-63.6Â°E143.0m,-34.5,-63.6,CORDOBA
-34.2Â°N/-63.6Â°E146.2m,-34.2,-63.6,CORDOBA
-34.2Â°N/-63.3Â°E135.7m,-34.2,-63.3,CORDOBA
-33.9Â°N/-63.6Â°E154.8m,-33.9,-63.6,CORDOBA
-33.9Â°N/-63.3Â°E133.8m,-33.9,-63.3,CORDOBA
-33.9Â°N/-62.4Â°E119.9m,-33.9,-62.4,CORDOBA
-33.9Â°N/-62.1Â°E113.9m,-33.9,-62.1,CORDOBA
-33.6Â°N/-63.0Â°E125.2m,-33.6,-63,CORDOBA
-33.6Â°N/-62.7Â°E122.3m,-33.6,-62.7,CORDOBA
-33.6Â°N/-62.4Â°E119.4m,-33.6,-62.4,CORDOBA
-33.6Â°N/-62.1Â°E115.3m,-33.6,-62.1,CORDOBA
-33.6Â°N/-61.8Â°E108.4m,-33.6,-61.8,CORDOBA
-33.3Â°N/-63.0Â°E126.5m,-33.3,-63,CORDOBA
-35.4Â°N/-61.8Â°E87.8m,-35.4,-61.8,CENTRO
-35.1Â°N/-62.1Â°E100.7m,-35.1,-62.1,CENTRO
-35.1Â°N/-61.8Â°E94.9m,-35.1,-61.8,CENTRO
-35.1Â°N/-61.5Â°E85.2m,-35.1,-61.5,CENTRO
-34.8Â°N/-62.4Â°E107.5m,-34.8,-62.4,CENTRO
-34.8Â°N/-62.1Â°E105.0m,-34.8,-62.1,CENTRO
-34.8Â°N/-61.8Â°E97.0m,-34.8,-61.8,CENTRO
-34.8Â°N/-61.5Â°E85.9m,-34.8,-61.5,CENTRO
-34.8Â°N/-61.2Â°E77.4m,-34.8,-61.2,CENTRO
-34.5Â°N/-62.1Â°E106.1m,-34.5,-62.1,CENTRO
-33.3Â°N/-62.4Â°E115.5m,-33.3,-62.4,CORDOBA
-33.3Â°N/-62.1Â°E112.4m,-33.3,-62.1,CORDOBA
-33.0Â°N/-62.7Â°E121.0m,-33,-62.7,CORDOBA
-33.0Â°N/-62.4Â°E111.2m,-33,-62.4,CORDOBA
-33.0Â°N/-62.1Â°E103.7m,-33,-62.1,CORDOBA
-36.6Â°N/-62.7Â°E116.7m,-36.6,-62.7,SUR
-36.3Â°N/-63.3Â°E117.3m,-36.3,-63.3,SUR
-36.3Â°N/-63.0Â°E109.2m,-36.3,-63,SUR
-36.3Â°N/-62.7Â°E105.0m,-36.3,-62.7,SUR
-36.3Â°N/-62.4Â°E101.9m,-36.3,-62.4,SUR
-36.0Â°N/-63.3Â°E111.8m,-36,-63.3,SUR
-36.0Â°N/-63.0Â°E99.9m,-36,-63,SUR
-36.0Â°N/-62.7Â°E93.4m,-36,-62.7,SUR
-36.0Â°N/-62.4Â°E88.1m,-36,-62.4,SUR
-35.7Â°N/-62.7Â°E93.0m,-35.7,-62.7,SUR
-31.8Â°N/-63.6Â°E266.1m,-31.8,-63.6,CORDOBA
-33.3Â°N/-61.2Â°E81.9m,-33.3,-61.2,CENTRO
-33.3Â°N/-60.6Â°E45.8m,-33.3,-60.6,CENTRO
-33.0Â°N/-61.2Â°E69.4m,-33,-61.2,CENTRO
-33.0Â°N/-60.9Â°E47.0m,-33,-60.9,CENTRO
-40.8Â°N/-62.7Â°E,-40.8,-62.7,SUR
-40.8Â°N/-62.4Â°E,-40.8,-62.4,SUR
-40.5Â°N/-63.3Â°E39.9m,-40.5,-63.3,SUR
-40.5Â°N/-63.0Â°E33.2m,-40.5,-63,SUR
-40.5Â°N/-62.7Â°E19.9m,-40.5,-62.7,SUR
-40.5Â°N/-62.4Â°E,-40.5,-62.4,SUR
-40.2Â°N/-63.3Â°E45.6m,-40.2,-63.3,SUR
-40.2Â°N/-63.0Â°E36.7m,-40.2,-63,SUR
-40.2Â°N/-62.7Â°E21.4m,-40.2,-62.7,SUR
-40.2Â°N/-62.4Â°E,-40.2,-62.4,SUR
-39.9Â°N/-63.3Â°E43.1m,-39.9,-63.3,SUR
-39.9Â°N/-63.0Â°E30.0m,-39.9,-63,SUR
-39.9Â°N/-62.7Â°E16.8m,-39.9,-62.7,SUR
-39.9Â°N/-62.4Â°E8.7m,-39.9,-62.4,SUR
-39.6Â°N/-63.3Â°E47.4m,-39.6,-63.3,SUR
-39.6Â°N/-63.0Â°E28.7m,-39.6,-63,SUR
-39.6Â°N/-62.7Â°E14.9m,-39.6,-62.7,SUR
-39.6Â°N/-62.4Â°E7.6m,-39.6,-62.4,SUR
-39.3Â°N/-63.3Â°E47.0m,-39.3,-63.3,SUR
-39.3Â°N/-63.0Â°E32.3m,-39.3,-63,SUR
-39.3Â°N/-62.7Â°E19.2m,-39.3,-62.7,SUR
-39.3Â°N/-62.4Â°E,-39.3,-62.4,SUR
-39.0Â°N/-63.3Â°E53.1m,-39,-63.3,SUR
-39.0Â°N/-63.0Â°E36.4m,-39,-63,SUR
-39.0Â°N/-62.7Â°E25.4m,-39,-62.7,SUR
-39.0Â°N/-62.4Â°E,-39,-62.4,SUR
-39.0Â°N/-61.5Â°E,-39,-61.5,SUR
-38.7Â°N/-63.3Â°E51.9m,-38.7,-63.3,SUR
-38.7Â°N/-63.0Â°E53.6m,-38.7,-63,SUR
-38.7Â°N/-62.7Â°E64.5m,-38.7,-62.7,SUR
-38.7Â°N/-62.4Â°E69.7m,-38.7,-62.4,SUR
-38.7Â°N/-62.1Â°E84.7m,-38.7,-62.1,SUR
-38.7Â°N/-61.8Â°E98.8m,-38.7,-61.8,SUR
-38.7Â°N/-61.5Â°E121.5m,-38.7,-61.5,SUR
-38.7Â°N/-61.2Â°E115.2m,-38.7,-61.2,SUR
-38.7Â°N/-60.9Â°E88.7m,-38.7,-60.9,SUR
-38.7Â°N/-60.6Â°E63.7m,-38.7,-60.6,SUR
-38.4Â°N/-63.3Â°E92.8m,-38.4,-63.3,SUR
-38.4Â°N/-63.0Â°E122.8m,-38.4,-63,SUR
-38.4Â°N/-62.7Â°E142.8m,-38.4,-62.7,SUR
-38.4Â°N/-62.4Â°E173.0m,-38.4,-62.4,SUR
-38.4Â°N/-62.1Â°E207.9m,-38.4,-62.1,SUR
-38.4Â°N/-61.8Â°E225.3m,-38.4,-61.8,SUR
-38.4Â°N/-61.2Â°E194.3m,-38.4,-61.2,SUR
-38.4Â°N/-60.9Â°E146.3m,-38.4,-60.9,SUR
-38.1Â°N/-63.3Â°E160.1m,-38.1,-63.3,SUR
-38.1Â°N/-63.0Â°E195.0m,-38.1,-63,SUR
-38.1Â°N/-62.7Â°E216.7m,-38.1,-62.7,SUR
-38.1Â°N/-62.4Â°E273.6m,-38.1,-62.4,SUR
-38.1Â°N/-62.1Â°E339.6m,-38.1,-62.1,SUR
-37.8Â°N/-63.3Â°E181.7m,-37.8,-63.3,SUR
-37.8Â°N/-63.0Â°E219.4m,-37.8,-63,SUR
-37.8Â°N/-62.7Â°E260.7m,-37.8,-62.7,SUR
-37.8Â°N/-62.4Â°E319.2m,-37.8,-62.4,SUR
-37.8Â°N/-62.1Â°E367.1m,-37.8,-62.1,SUR
-37.5Â°N/-62.7Â°E233.6m,-37.5,-62.7,SUR
-37.5Â°N/-62.4Â°E259.0m,-37.5,-62.4,SUR
-33.9Â°N/-61.2Â°E88.7m,-33.9,-61.2,CENTRO
-33.9Â°N/-60.9Â°E80.0m,-33.9,-60.9,CENTRO
-33.6Â°N/-61.2Â°E88.1m,-33.6,-61.2,CENTRO
-33.6Â°N/-60.9Â°E75.9m,-33.6,-60.9,CENTRO
-33.6Â°N/-60.6Â°E63.1m,-33.6,-60.6,CENTRO
-33.3Â°N/-60.9Â°E66.0m,-33.3,-60.9,CENTRO
-32.4Â°N/-63.9Â°E355.6m,-32.4,-63.9,CORDOBA
-32.4Â°N/-63.6Â°E255.2m,-32.4,-63.6,CORDOBA
-31.8Â°N/-63.0Â°E166.2m,-31.8,-63,NORTE
-31.8Â°N/-62.7Â°E127.9m,-31.8,-62.7,NORTE
-31.8Â°N/-62.4Â°E113.0m,-31.8,-62.4,NORTE
-31.5Â°N/-62.7Â°E118.0m,-31.5,-62.7,NORTE
-32.7Â°N/-63.3Â°E195.8m,-32.7,-63.3,CORDOBA
-32.4Â°N/-63.3Â°E214.8m,-32.4,-63.3,CORDOBA
-32.4Â°N/-63.0Â°E164.0m,-32.4,-63,CORDOBA
-32.1Â°N/-63.6Â°E269.4m,-32.1,-63.6,CORDOBA
-32.1Â°N/-63.3Â°E222.3m,-32.1,-63.3,CORDOBA
-32.1Â°N/-63.0Â°E168.0m,-32.1,-63,CORDOBA
-36.6Â°N/-62.1Â°E116.1m,-36.6,-62.1,SUR
-36.6Â°N/-61.8Â°E114.8m,-36.6,-61.8,SUR
-36.3Â°N/-62.1Â°E103.8m,-36.3,-62.1,SUR
-36.0Â°N/-62.1Â°E88.8m,-36,-62.1,SUR
-36.0Â°N/-61.8Â°E91.2m,-36,-61.8,SUR
-36.0Â°N/-61.5Â°E90.3m,-36,-61.5,SUR
-36.0Â°N/-61.2Â°E86.4m,-36,-61.2,SUR
-35.7Â°N/-62.1Â°E85.7m,-35.7,-62.1,SUR
-35.7Â°N/-61.8Â°E84.1m,-35.7,-61.8,SUR
-35.7Â°N/-61.5Â°E82.5m,-35.7,-61.5,SUR
-35.7Â°N/-61.2Â°E79.8m,-35.7,-61.2,SUR
-35.7Â°N/-63.3Â°E111.6m,-35.7,-63.3,CENTRO
-35.7Â°N/-63.0Â°E101.1m,-35.7,-63,CENTRO
-35.4Â°N/-63.3Â°E113.8m,-35.4,-63.3,CENTRO
-35.4Â°N/-63.0Â°E106.3m,-35.4,-63,CENTRO
-31.5Â°N/-63.0Â°E153.2m,-31.5,-63,NORTE
-31.2Â°N/-63.0Â°E125.4m,-31.2,-63,NORTE
-31.2Â°N/-62.7Â°E100.2m,-31.2,-62.7,NORTE
-30.9Â°N/-63.3Â°E129.0m,-30.9,-63.3,NORTE
-30.9Â°N/-63.0Â°E,-30.9,-63,NORTE
-36.3Â°N/-63.9Â°E145.4m,-36.3,-63.9,CENTRO
-36.3Â°N/-63.6Â°E129.4m,-36.3,-63.6,CENTRO
-36.0Â°N/-64.8Â°E252.8m,-36,-64.8,CENTRO
-36.0Â°N/-64.5Â°E209.1m,-36,-64.5,CENTRO
-36.0Â°N/-64.2Â°E171.8m,-36,-64.2,CENTRO
-36.0Â°N/-63.9Â°E142.6m,-36,-63.9,CENTRO
-36.0Â°N/-63.6Â°E124.6m,-36,-63.6,CENTRO
-35.7Â°N/-65.1Â°E293.8m,-35.7,-65.1,CENTRO
-35.7Â°N/-64.8Â°E253.9m,-35.7,-64.8,CENTRO
-35.7Â°N/-64.5Â°E210.5m,-35.7,-64.5,CENTRO
-35.7Â°N/-64.2Â°E173.8m,-35.7,-64.2,CENTRO
-35.7Â°N/-63.9Â°E143.6m,-35.7,-63.9,CENTRO
-35.7Â°N/-63.6Â°E123.9m,-35.7,-63.6,CENTRO
-35.4Â°N/-65.1Â°E298.1m,-35.4,-65.1,CENTRO
-35.4Â°N/-64.8Â°E257.6m,-35.4,-64.8,CENTRO
-35.4Â°N/-64.5Â°E209.9m,-35.4,-64.5,CENTRO
-35.4Â°N/-64.2Â°E169.7m,-35.4,-64.2,CENTRO
-35.1Â°N/-65.1Â°E294.9m,-35.1,-65.1,CENTRO
-35.1Â°N/-64.8Â°E254.4m,-35.1,-64.8,CENTRO
-35.1Â°N/-64.5Â°E205.3m,-35.1,-64.5,CENTRO
-35.1Â°N/-64.2Â°E164.6m,-35.1,-64.2,CENTRO
-36.9Â°N/-61.8Â°E132.9m,-36.9,-61.8,SUR
-36.9Â°N/-61.5Â°E134.1m,-36.9,-61.5,SUR
-36.6Â°N/-61.5Â°E113.4m,-36.6,-61.5,SUR
-36.6Â°N/-61.2Â°E115.5m,-36.6,-61.2,SUR
-36.3Â°N/-61.8Â°E104.9m,-36.3,-61.8,SUR
-36.3Â°N/-61.5Â°E101.9m,-36.3,-61.5,SUR
-36.3Â°N/-61.2Â°E98.7m,-36.3,-61.2,SUR
-36.3Â°N/-60.9Â°E95.7m,-36.3,-60.9,SUR
-36.0Â°N/-60.9Â°E81.5m,-36,-60.9,SUR
-36.0Â°N/-60.6Â°E75.7m,-36,-60.6,SUR
-31.5Â°N/-62.4Â°E111.1m,-31.5,-62.4,NORTE
-31.5Â°N/-62.1Â°E106.7m,-31.5,-62.1,NORTE
-31.5Â°N/-61.8Â°E103.1m,-31.5,-61.8,NORTE
-31.5Â°N/-61.5Â°E76.6m,-31.5,-61.5,NORTE
-31.2Â°N/-62.4Â°E101.4m,-31.2,-62.4,NORTE
-31.2Â°N/-62.1Â°E104.6m,-31.2,-62.1,NORTE
-38.4Â°N/-58.2Â°E,-38.4,-58.2,SUR
-38.1Â°N/-59.1Â°E116.9m,-38.1,-59.1,SUR
-38.1Â°N/-58.8Â°E104.1m,-38.1,-58.8,SUR
-38.1Â°N/-58.5Â°E87.0m,-38.1,-58.5,SUR
-38.1Â°N/-58.2Â°E81.4m,-38.1,-58.2,SUR
-37.8Â°N/-58.8Â°E167.1m,-37.8,-58.8,SUR
-34.2Â°N/-60.0Â°E49.0m,-34.2,-60,CENTRO
-34.2Â°N/-59.7Â°E39.2m,-34.2,-59.7,CENTRO
-34.2Â°N/-59.4Â°E30.2m,-34.2,-59.4,CENTRO
-34.2Â°N/-59.1Â°E19.2m,-34.2,-59.1,CENTRO
-33.9Â°N/-60.0Â°E43.1m,-33.9,-60,CENTRO
-33.9Â°N/-59.7Â°E25.6m,-33.9,-59.7,CENTRO
-33.9Â°N/-59.4Â°E15.7m,-33.9,-59.4,CENTRO
-34.2Â°N/-64.2Â°E198.9m,-34.2,-64.2,CORDOBA
-34.2Â°N/-63.9Â°E169.0m,-34.2,-63.9,CORDOBA
-33.9Â°N/-65.1Â°E408.6m,-33.9,-65.1,CORDOBA
-33.9Â°N/-64.8Â°E347.7m,-33.9,-64.8,CORDOBA
-33.9Â°N/-64.5Â°E280.6m,-33.9,-64.5,CORDOBA
-33.9Â°N/-64.2Â°E224.4m,-33.9,-64.2,CORDOBA
-33.9Â°N/-63.9Â°E189.2m,-33.9,-63.9,CORDOBA
-33.6Â°N/-65.1Â°E535.4m,-33.6,-65.1,CORDOBA
-33.6Â°N/-64.8Â°E441.5m,-33.6,-64.8,CORDOBA
-33.6Â°N/-64.5Â°E347.8m,-33.6,-64.5,CORDOBA
-34.2Â°N/-60.9Â°E78.3m,-34.2,-60.9,CENTRO
-34.2Â°N/-60.6Â°E69.7m,-34.2,-60.6,CENTRO
-34.2Â°N/-60.3Â°E59.9m,-34.2,-60.3,CENTRO
-33.9Â°N/-60.6Â°E70.0m,-33.9,-60.6,CENTRO
-33.9Â°N/-60.3Â°E58.7m,-33.9,-60.3,CENTRO
-33.6Â°N/-60.3Â°E48.5m,-33.6,-60.3,CENTRO
-33.6Â°N/-60.0Â°E28.5m,-33.6,-60,CENTRO
-33.3Â°N/-60.3Â°E26.1m,-33.3,-60.3,CENTRO
-32.7Â°N/-62.7Â°E131.4m,-32.7,-62.7,CORDOBA
-32.4Â°N/-62.7Â°E133.8m,-32.4,-62.7,CORDOBA
-32.4Â°N/-62.4Â°E112.2m,-32.4,-62.4,CORDOBA
-32.1Â°N/-62.7Â°E133.4m,-32.1,-62.7,CORDOBA
-32.1Â°N/-62.4Â°E114.3m,-32.1,-62.4,CORDOBA
-29.4Â°N/-62.7Â°E84.9m,-29.4,-62.7,NORTE
-29.4Â°N/-62.4Â°E82.2m,-29.4,-62.4,NORTE
-29.4Â°N/-62.1Â°E80.0m,-29.4,-62.1,NORTE
-29.1Â°N/-63.0Â°E94.2m,-29.1,-63,NORTE
-29.1Â°N/-62.7Â°E90.8m,-29.1,-62.7,NORTE
-29.1Â°N/-62.4Â°E86.9m,-29.1,-62.4,NORTE
-29.1Â°N/-62.1Â°E82.8m,-29.1,-62.1,NORTE
-29.1Â°N/-61.8Â°E79.4m,-29.1,-61.8,NORTE
-29.1Â°N/-61.5Â°E70.4m,-29.1,-61.5,NORTE
-29.1Â°N/-61.2Â°E67.3m,-29.1,-61.2,NORTE
-28.8Â°N/-63.0Â°E100.3m,-28.8,-63,NORTE
-28.8Â°N/-62.7Â°E94.6m,-28.8,-62.7,NORTE
-28.8Â°N/-62.4Â°E95.9m,-28.8,-62.4,NORTE
-28.8Â°N/-62.1Â°E87.7m,-28.8,-62.1,NORTE
-28.8Â°N/-61.8Â°E81.7m,-28.8,-61.8,NORTE
-28.8Â°N/-61.5Â°E71.8m,-28.8,-61.5,NORTE
-28.8Â°N/-61.2Â°E67.9m,-28.8,-61.2,NORTE
-28.5Â°N/-63.0Â°E112.7m,-28.5,-63,NORTE
-28.5Â°N/-62.7Â°E105.7m,-28.5,-62.7,NORTE
-28.5Â°N/-62.4Â°E102.1m,-28.5,-62.4,NORTE
-28.5Â°N/-62.1Â°E89.9m,-28.5,-62.1,NORTE
-28.5Â°N/-61.8Â°E83.1m,-28.5,-61.8,NORTE
-28.5Â°N/-61.5Â°E72.7m,-28.5,-61.5,NORTE
-28.5Â°N/-61.2Â°E67.0m,-28.5,-61.2,NORTE
-28.2Â°N/-63.0Â°E121.3m,-28.2,-63,NORTE
-28.2Â°N/-62.7Â°E116.8m,-28.2,-62.7,NORTE
-28.2Â°N/-62.4Â°E108.9m,-28.2,-62.4,NORTE
-28.2Â°N/-62.1Â°E92.7m,-28.2,-62.1,NORTE
-28.2Â°N/-61.8Â°E83.5m,-28.2,-61.8,NORTE
-28.2Â°N/-61.5Â°E72.6m,-28.2,-61.5,NORTE
-28.2Â°N/-61.2Â°E68.8m,-28.2,-61.2,NORTE
-28.2Â°N/-60.9Â°E65.4m,-28.2,-60.9,NORTE
-27.9Â°N/-61.8Â°E102.2m,-27.9,-61.8,NORTE
-27.9Â°N/-61.5Â°E77.7m,-27.9,-61.5,NORTE
-27.9Â°N/-61.2Â°E75.0m,-27.9,-61.2,NORTE
-27.9Â°N/-60.9Â°E70.6m,-27.9,-60.9,NORTE
-27.9Â°N/-60.6Â°E71.4m,-27.9,-60.6,NORTE
-27.9Â°N/-60.3Â°E63.7m,-27.9,-60.3,NORTE
-27.6Â°N/-61.8Â°E124.6m,-27.6,-61.8,NORTE
-27.6Â°N/-61.5Â°E89.2m,-27.6,-61.5,NORTE
-27.6Â°N/-61.2Â°E85.9m,-27.6,-61.2,NORTE
-27.6Â°N/-60.9Â°E78.4m,-27.6,-60.9,NORTE
-27.6Â°N/-60.6Â°E76.3m,-27.6,-60.6,NORTE
-27.6Â°N/-60.3Â°E68.9m,-27.6,-60.3,NORTE
-27.3Â°N/-61.8Â°E142.0m,-27.3,-61.8,NORTE
-27.3Â°N/-61.5Â°E105.5m,-27.3,-61.5,NORTE
-27.3Â°N/-61.2Â°E97.3m,-27.3,-61.2,NORTE
-27.3Â°N/-60.9Â°E91.1m,-27.3,-60.9,NORTE
-27.3Â°N/-60.6Â°E85.6m,-27.3,-60.6,NORTE
-27.3Â°N/-60.3Â°E78.2m,-27.3,-60.3,NORTE
-27.0Â°N/-61.8Â°E155.8m,-27,-61.8,NORTE
-27.0Â°N/-61.5Â°E122.9m,-27,-61.5,NORTE
-27.0Â°N/-61.2Â°E104.3m,-27,-61.2,NORTE
-27.0Â°N/-60.9Â°E100.2m,-27,-60.9,NORTE
-27.0Â°N/-60.6Â°E92.7m,-27,-60.6,NORTE
-26.7Â°N/-61.5Â°E136.7m,-26.7,-61.5,NORTE
-26.7Â°N/-61.2Â°E116.6m,-26.7,-61.2,NORTE
-35.7Â°N/-60.6Â°E68.9m,-35.7,-60.6,SUR
-35.7Â°N/-60.3Â°E57.6m,-35.7,-60.3,SUR
-35.4Â°N/-60.3Â°E55.2m,-35.4,-60.3,SUR
-35.4Â°N/-60.0Â°E48.2m,-35.4,-60,SUR
-34.5Â°N/-60.6Â°E69.1m,-34.5,-60.6,CENTRO
-34.5Â°N/-60.3Â°E62.9m,-34.5,-60.3,CENTRO
-34.5Â°N/-60.0Â°E54.0m,-34.5,-60,CENTRO
-28.2Â°N/-64.8Â°E416.0m,-28.2,-64.8,NORTE
-28.2Â°N/-64.5Â°E264.3m,-28.2,-64.5,NORTE
-28.2Â°N/-64.2Â°E170.0m,-28.2,-64.2,NORTE
-28.2Â°N/-63.9Â°E141.9m,-28.2,-63.9,NORTE
-28.2Â°N/-63.6Â°E135.5m,-28.2,-63.6,NORTE
-28.2Â°N/-63.3Â°E124.4m,-28.2,-63.3,NORTE
-27.9Â°N/-64.5Â°E299.1m,-27.9,-64.5,NORTE
-27.9Â°N/-64.2Â°E187.3m,-27.9,-64.2,NORTE
-27.9Â°N/-63.9Â°E153.9m,-27.9,-63.9,NORTE
-27.9Â°N/-63.6Â°E142.2m,-27.9,-63.6,NORTE
-27.9Â°N/-63.3Â°E137.5m,-27.9,-63.3,NORTE
-27.9Â°N/-63.0Â°E132.9m,-27.9,-63,NORTE
-27.9Â°N/-62.7Â°E131.2m,-27.9,-62.7,NORTE
-27.9Â°N/-62.4Â°E125.7m,-27.9,-62.4,NORTE
-27.9Â°N/-62.1Â°E116.4m,-27.9,-62.1,NORTE
-27.6Â°N/-64.2Â°E185.2m,-27.6,-64.2,NORTE
-27.6Â°N/-63.9Â°E162.8m,-27.6,-63.9,NORTE
-27.6Â°N/-63.6Â°E150.3m,-27.6,-63.6,NORTE
-27.6Â°N/-63.3Â°E150.0m,-27.6,-63.3,NORTE
-27.6Â°N/-63.0Â°E141.5m,-27.6,-63,NORTE
-27.6Â°N/-62.7Â°E147.1m,-27.6,-62.7,NORTE
-27.6Â°N/-62.4Â°E142.3m,-27.6,-62.4,NORTE
-27.6Â°N/-62.1Â°E139.8m,-27.6,-62.1,NORTE
-27.3Â°N/-64.2Â°E189.5m,-27.3,-64.2,NORTE
-27.3Â°N/-63.9Â°E166.2m,-27.3,-63.9,NORTE
-27.3Â°N/-63.6Â°E158.7m,-27.3,-63.6,NORTE
-27.3Â°N/-63.3Â°E159.9m,-27.3,-63.3,NORTE
-27.3Â°N/-63.0Â°E156.4m,-27.3,-63,NORTE
-27.3Â°N/-62.7Â°E155.9m,-27.3,-62.7,NORTE
-27.3Â°N/-62.4Â°E153.4m,-27.3,-62.4,NORTE
-27.3Â°N/-62.1Â°E153.3m,-27.3,-62.1,NORTE
-27.0Â°N/-63.9Â°E187.8m,-27,-63.9,NORTE
-27.0Â°N/-63.6Â°E183.8m,-27,-63.6,NORTE
-27.0Â°N/-63.3Â°E177.2m,-27,-63.3,NORTE
-27.0Â°N/-63.0Â°E174.4m,-27,-63,NORTE
-27.0Â°N/-62.7Â°E167.9m,-27,-62.7,NORTE
-27.0Â°N/-62.4Â°E165.1m,-27,-62.4,NORTE
-27.0Â°N/-62.1Â°E165.0m,-27,-62.1,NORTE
-38.7Â°N/-60.3Â°E53.8m,-38.7,-60.3,SUR
-38.7Â°N/-60.0Â°E43.5m,-38.7,-60,SUR
-38.7Â°N/-59.7Â°E,-38.7,-59.7,SUR
-38.7Â°N/-59.4Â°E,-38.7,-59.4,SUR
-38.4Â°N/-60.6Â°E119.5m,-38.4,-60.6,SUR
-38.4Â°N/-60.3Â°E112.4m,-38.4,-60.3,SUR
-38.4Â°N/-60.0Â°E103.2m,-38.4,-60,SUR
-38.4Â°N/-59.7Â°E87.6m,-38.4,-59.7,SUR
-38.4Â°N/-59.4Â°E77.3m,-38.4,-59.4,SUR
-38.1Â°N/-60.6Â°E162.6m,-38.1,-60.6,SUR
-38.1Â°N/-60.3Â°E166.0m,-38.1,-60.3,SUR
-38.1Â°N/-60.0Â°E163.9m,-38.1,-60,SUR
-38.1Â°N/-59.7Â°E143.5m,-38.1,-59.7,SUR
-37.8Â°N/-60.6Â°E195.3m,-37.8,-60.6,SUR
-37.8Â°N/-60.3Â°E202.3m,-37.8,-60.3,SUR
-33.3Â°N/-62.7Â°E117.5m,-33.3,-62.7,CORDOBA
-33.0Â°N/-63.0Â°E136.2m,-33,-63,CORDOBA
-32.7Â°N/-63.0Â°E152.2m,-32.7,-63,CORDOBA
-38.4Â°N/-61.5Â°E225.1m,-38.4,-61.5,SUR
-38.1Â°N/-61.8Â°E344.3m,-38.1,-61.8,SUR
-38.1Â°N/-61.5Â°E292.0m,-38.1,-61.5,SUR
-38.1Â°N/-61.2Â°E232.7m,-38.1,-61.2,SUR
-38.1Â°N/-60.9Â°E180.5m,-38.1,-60.9,SUR
-37.8Â°N/-61.8Â°E342.2m,-37.8,-61.8,SUR
-37.8Â°N/-61.5Â°E279.4m,-37.8,-61.5,SUR
-37.8Â°N/-61.2Â°E223.8m,-37.8,-61.2,SUR
-37.8Â°N/-60.9Â°E198.2m,-37.8,-60.9,SUR
-37.5Â°N/-62.1Â°E264.4m,-37.5,-62.1,SUR
-37.5Â°N/-61.8Â°E240.0m,-37.5,-61.8,SUR
-37.5Â°N/-61.5Â°E213.4m,-37.5,-61.5,SUR
-37.5Â°N/-61.2Â°E200.9m,-37.5,-61.2,SUR
-37.5Â°N/-60.9Â°E201.3m,-37.5,-60.9,SUR
-37.5Â°N/-60.6Â°E212.2m,-37.5,-60.6,SUR
-37.2Â°N/-62.1Â°E173.4m,-37.2,-62.1,SUR
-37.2Â°N/-61.8Â°E177.5m,-37.2,-61.8,SUR
-37.2Â°N/-61.5Â°E172.5m,-37.2,-61.5,SUR
-37.2Â°N/-61.2Â°E172.1m,-37.2,-61.2,SUR
-37.2Â°N/-60.9Â°E184.1m,-37.2,-60.9,SUR
-25.2Â°N/-65.4Â°E1429.0m,-25.2,-65.4,NORTE
-24.9Â°N/-65.7Â°E2336.9m,-24.9,-65.7,NORTE
-24.9Â°N/-65.4Â°E1486.2m,-24.9,-65.4,NORTE
-24.9Â°N/-65.1Â°E1088.0m,-24.9,-65.1,NORTE
-24.9Â°N/-64.8Â°E1027.9m,-24.9,-64.8,NORTE
-24.6Â°N/-65.4Â°E1793.1m,-24.6,-65.4,NORTE
-24.6Â°N/-65.1Â°E1067.8m,-24.6,-65.1,NORTE
-24.6Â°N/-64.8Â°E970.3m,-24.6,-64.8,NORTE
-23.7Â°N/-63.9Â°E364.0m,-23.7,-63.9,NORTE
-23.7Â°N/-63.6Â°E292.8m,-23.7,-63.6,NORTE
-23.7Â°N/-63.3Â°E232.5m,-23.7,-63.3,NORTE
-23.4Â°N/-64.2Â°E347.5m,-23.4,-64.2,NORTE
-23.4Â°N/-63.9Â°E311.3m,-23.4,-63.9,NORTE
-23.4Â°N/-63.6Â°E273.2m,-23.4,-63.6,NORTE
-23.4Â°N/-63.3Â°E243.6m,-23.4,-63.3,NORTE
-23.1Â°N/-64.2Â°E436.7m,-23.1,-64.2,NORTE
-23.1Â°N/-63.9Â°E336.7m,-23.1,-63.9,NORTE
-23.1Â°N/-63.6Â°E275.8m,-23.1,-63.6,NORTE
-23.1Â°N/-63.3Â°E250.8m,-23.1,-63.3,NORTE
-22.8Â°N/-64.2Â°E565.5m,-22.8,-64.2,NORTE
-22.8Â°N/-63.9Â°E428.3m,-22.8,-63.9,NORTE
-22.8Â°N/-63.6Â°E320.6m,-22.8,-63.6,NORTE
-22.8Â°N/-63.3Â°E272.2m,-22.8,-63.3,NORTE
-22.5Â°N/-63.9Â°E580.3m,-22.5,-63.9,NORTE
-22.5Â°N/-63.6Â°E438.3m,-22.5,-63.6,NORTE
-22.5Â°N/-63.3Â°E333.4m,-22.5,-63.3,NORTE
-22.2Â°N/-63.9Â°E763.8m,-22.2,-63.9,NORTE
-22.2Â°N/-63.6Â°E571.9m,-22.2,-63.6,NORTE
-22.2Â°N/-63.3Â°E402.5m,-22.2,-63.3,NORTE
-30.9Â°N/-60.9Â°E49.2m,-30.9,-60.9,NORTE
-30.9Â°N/-60.6Â°E36.7m,-30.9,-60.6,NORTE
-30.9Â°N/-60.3Â°E26.8m,-30.9,-60.3,NORTE
-30.6Â°N/-61.2Â°E67.2m,-30.6,-61.2,NORTE
-30.6Â°N/-60.9Â°E54.1m,-30.6,-60.9,NORTE
-30.6Â°N/-60.6Â°E47.1m,-30.6,-60.6,NORTE
-30.6Â°N/-60.3Â°E33.6m,-30.6,-60.3,NORTE
-30.6Â°N/-60.0Â°E24.5m,-30.6,-60,NORTE
-30.3Â°N/-61.2Â°E70.2m,-30.3,-61.2,NORTE
-30.3Â°N/-60.9Â°E55.5m,-30.3,-60.9,NORTE
-30.3Â°N/-60.6Â°E51.6m,-30.3,-60.6,NORTE
-30.3Â°N/-60.3Â°E42.1m,-30.3,-60.3,NORTE
-30.3Â°N/-60.0Â°E27.9m,-30.3,-60,NORTE
-30.0Â°N/-60.9Â°E57.8m,-30,-60.9,NORTE
-30.0Â°N/-60.6Â°E54.8m,-30,-60.6,NORTE
-30.0Â°N/-60.3Â°E51.1m,-30,-60.3,NORTE
-30.0Â°N/-60.0Â°E35.7m,-30,-60,NORTE
-29.7Â°N/-60.9Â°E57.3m,-29.7,-60.9,NORTE
-29.7Â°N/-60.6Â°E56.9m,-29.7,-60.6,NORTE
-29.7Â°N/-60.3Â°E56.1m,-29.7,-60.3,NORTE
-29.7Â°N/-60.0Â°E46.1m,-29.7,-60,NORTE
-29.4Â°N/-60.9Â°E58.9m,-29.4,-60.9,NORTE
-29.4Â°N/-60.6Â°E58.0m,-29.4,-60.6,NORTE
-29.4Â°N/-60.3Â°E57.7m,-29.4,-60.3,NORTE
-29.4Â°N/-60.0Â°E54.1m,-29.4,-60,NORTE
-29.1Â°N/-60.9Â°E60.3m,-29.1,-60.9,NORTE
-29.1Â°N/-60.6Â°E58.7m,-29.1,-60.6,NORTE
-29.1Â°N/-60.3Â°E58.6m,-29.1,-60.3,NORTE
-29.1Â°N/-60.0Â°E59.0m,-29.1,-60,NORTE
-29.1Â°N/-59.7Â°E45.7m,-29.1,-59.7,NORTE
-28.8Â°N/-60.9Â°E60.7m,-28.8,-60.9,NORTE
-28.8Â°N/-60.6Â°E59.3m,-28.8,-60.6,NORTE
-28.8Â°N/-60.3Â°E58.0m,-28.8,-60.3,NORTE
-28.8Â°N/-60.0Â°E60.2m,-28.8,-60,NORTE
-28.8Â°N/-59.7Â°E52.0m,-28.8,-59.7,NORTE
-28.5Â°N/-60.9Â°E62.7m,-28.5,-60.9,NORTE
-28.5Â°N/-60.6Â°E60.4m,-28.5,-60.6,NORTE
-28.5Â°N/-60.3Â°E59.4m,-28.5,-60.3,NORTE
-28.5Â°N/-60.0Â°E59.2m,-28.5,-60,NORTE
-28.5Â°N/-59.7Â°E55.7m,-28.5,-59.7,NORTE
-28.5Â°N/-59.4Â°E50.5m,-28.5,-59.4,NORTE
-28.2Â°N/-60.6Â°E64.0m,-28.2,-60.6,NORTE
-28.2Â°N/-60.3Â°E60.9m,-28.2,-60.3,NORTE
-28.2Â°N/-60.0Â°E62.3m,-28.2,-60,NORTE
-28.2Â°N/-59.7Â°E56.4m,-28.2,-59.7,NORTE
-28.2Â°N/-59.4Â°E53.8m,-28.2,-59.4,NORTE
-28.2Â°N/-65.1Â°E530.3m,-28.2,-65.1,NORTE
-27.9Â°N/-65.1Â°E406.3m,-27.9,-65.1,NORTE
-27.9Â°N/-64.8Â°E386.5m,-27.9,-64.8,NORTE
-27.6Â°N/-64.8Â°E304.0m,-27.6,-64.8,NORTE
-27.6Â°N/-64.5Â°E280.9m,-27.6,-64.5,NORTE
-27.3Â°N/-64.8Â°E295.9m,-27.3,-64.8,NORTE
-27.3Â°N/-64.5Â°E266.0m,-27.3,-64.5,NORTE
-27.0Â°N/-64.5Â°E276.2m,-27,-64.5,NORTE
-27.0Â°N/-64.2Â°E212.1m,-27,-64.2,NORTE
-26.7Â°N/-64.5Â°E301.1m,-26.7,-64.5,NORTE
-26.7Â°N/-64.2Â°E245.3m,-26.7,-64.2,NORTE
-26.7Â°N/-63.9Â°E216.2m,-26.7,-63.9,NORTE
-26.4Â°N/-64.5Â°E399.9m,-26.4,-64.5,NORTE
-26.4Â°N/-64.2Â°E287.7m,-26.4,-64.2,NORTE
-26.4Â°N/-63.9Â°E246.0m,-26.4,-63.9,NORTE
-26.1Â°N/-64.2Â°E331.3m,-26.1,-64.2,NORTE
-26.1Â°N/-63.9Â°E273.8m,-26.1,-63.9,NORTE
-25.8Â°N/-64.2Â°E400.6m,-25.8,-64.2,NORTE
-25.8Â°N/-63.9Â°E297.7m,-25.8,-63.9,NORTE
-37.2Â°N/-60.6Â°E201.2m,-37.2,-60.6,SUR
-37.2Â°N/-60.3Â°E215.2m,-37.2,-60.3,SUR
-37.2Â°N/-60.0Â°E224.4m,-37.2,-60,SUR
-37.2Â°N/-59.7Â°E209.5m,-37.2,-59.7,SUR
-36.9Â°N/-61.2Â°E139.0m,-36.9,-61.2,SUR
-36.9Â°N/-60.9Â°E156.9m,-36.9,-60.9,SUR
-36.9Â°N/-60.6Â°E171.0m,-36.9,-60.6,SUR
-36.9Â°N/-60.3Â°E176.1m,-36.9,-60.3,SUR
-36.9Â°N/-60.0Â°E172.9m,-36.9,-60,SUR
-36.9Â°N/-59.7Â°E153.7m,-36.9,-59.7,SUR
-36.9Â°N/-59.4Â°E127.4m,-36.9,-59.4,SUR
-36.6Â°N/-60.9Â°E122.1m,-36.6,-60.9,SUR
-36.6Â°N/-60.6Â°E129.9m,-36.6,-60.6,SUR
-36.6Â°N/-60.3Â°E131.2m,-36.6,-60.3,SUR
-36.6Â°N/-60.0Â°E120.5m,-36.6,-60,SUR
-36.6Â°N/-59.7Â°E107.4m,-36.6,-59.7,SUR
-36.6Â°N/-59.4Â°E91.0m,-36.6,-59.4,SUR
-36.3Â°N/-60.6Â°E94.1m,-36.3,-60.6,SUR
-36.3Â°N/-60.3Â°E91.0m,-36.3,-60.3,SUR
-36.3Â°N/-60.0Â°E84.3m,-36.3,-60,SUR
-36.3Â°N/-59.7Â°E74.9m,-36.3,-59.7,SUR
-36.3Â°N/-59.4Â°E63.7m,-36.3,-59.4,SUR
-37.5Â°N/-57.6Â°E17.4m,-37.5,-57.6,SUR
-37.5Â°N/-57.3Â°E5.0m,-37.5,-57.3,SUR
-37.2Â°N/-57.6Â°E13.5m,-37.2,-57.6,SUR
-37.2Â°N/-57.3Â°E6.4m,-37.2,-57.3,SUR
-37.2Â°N/-57.0Â°E,-37.2,-57,SUR
-36.9Â°N/-57.9Â°E17.8m,-36.9,-57.9,SUR
-36.9Â°N/-57.6Â°E8.5m,-36.9,-57.6,SUR
-36.9Â°N/-57.3Â°E4.1m,-36.9,-57.3,SUR
-36.9Â°N/-57.0Â°E1.4m,-36.9,-57,SUR
-36.6Â°N/-57.0Â°E0.4m,-36.6,-57,SUR
-33.0Â°N/-61.8Â°E96.6m,-33,-61.8,CORDOBA
-33.0Â°N/-61.5Â°E89.1m,-33,-61.5,CORDOBA
-27.0Â°N/-60.3Â°E86.7m,-27,-60.3,NORTE
-27.0Â°N/-60.0Â°E80.0m,-27,-60,NORTE
-26.7Â°N/-63.0Â°E189.8m,-26.7,-63,NORTE
-26.7Â°N/-62.7Â°E184.8m,-26.7,-62.7,NORTE
-26.7Â°N/-62.4Â°E175.7m,-26.7,-62.4,NORTE
-26.7Â°N/-62.1Â°E170.4m,-26.7,-62.1,NORTE
-26.7Â°N/-61.8Â°E163.8m,-26.7,-61.8,NORTE
-26.7Â°N/-60.9Â°E110.6m,-26.7,-60.9,NORTE
-26.7Â°N/-60.6Â°E100.5m,-26.7,-60.6,NORTE
-26.7Â°N/-60.3Â°E93.6m,-26.7,-60.3,NORTE
-26.7Â°N/-60.0Â°E85.6m,-26.7,-60,NORTE
-26.4Â°N/-63.0Â°E203.5m,-26.4,-63,NORTE
-26.4Â°N/-62.7Â°E196.3m,-26.4,-62.7,NORTE
-26.4Â°N/-62.4Â°E182.2m,-26.4,-62.4,NORTE
-26.4Â°N/-62.1Â°E172.2m,-26.4,-62.1,NORTE
-26.4Â°N/-61.8Â°E163.2m,-26.4,-61.8,NORTE
-26.4Â°N/-61.5Â°E143.7m,-26.4,-61.5,NORTE
-26.4Â°N/-61.2Â°E128.3m,-26.4,-61.2,NORTE
-26.4Â°N/-60.9Â°E117.4m,-26.4,-60.9,NORTE
-26.4Â°N/-60.6Â°E106.7m,-26.4,-60.6,NORTE
-26.4Â°N/-60.3Â°E99.2m,-26.4,-60.3,NORTE
-26.4Â°N/-60.0Â°E90.0m,-26.4,-60,NORTE
-26.4Â°N/-59.7Â°E87.2m,-26.4,-59.7,NORTE
-26.1Â°N/-62.7Â°E204.6m,-26.1,-62.7,NORTE
-26.1Â°N/-62.4Â°E189.7m,-26.1,-62.4,NORTE
-26.1Â°N/-62.1Â°E175.6m,-26.1,-62.1,NORTE
-26.1Â°N/-61.8Â°E162.5m,-26.1,-61.8,NORTE
-26.1Â°N/-61.5Â°E147.4m,-26.1,-61.5,NORTE
-26.1Â°N/-61.2Â°E133.8m,-26.1,-61.2,NORTE
-26.1Â°N/-60.9Â°E122.3m,-26.1,-60.9,NORTE
-26.1Â°N/-60.6Â°E111.2m,-26.1,-60.6,NORTE
-26.1Â°N/-60.3Â°E103.9m,-26.1,-60.3,NORTE
-26.1Â°N/-60.0Â°E96.9m,-26.1,-60,NORTE
-25.8Â°N/-61.5Â°E152.4m,-25.8,-61.5,NORTE
-25.8Â°N/-61.2Â°E136.2m,-25.8,-61.2,NORTE
-25.8Â°N/-60.9Â°E126.3m,-25.8,-60.9,NORTE
-25.8Â°N/-60.6Â°E116.5m,-25.8,-60.6,NORTE
-25.8Â°N/-60.3Â°E109.2m,-25.8,-60.3,NORTE
-25.5Â°N/-61.5Â°E151.3m,-25.5,-61.5,NORTE
-25.5Â°N/-61.2Â°E139.6m,-25.5,-61.2,NORTE
-25.5Â°N/-60.9Â°E128.6m,-25.5,-60.9,NORTE
-34.2Â°N/-61.8Â°E102.4m,-34.2,-61.8,CORDOBA
-34.2Â°N/-61.5Â°E94.0m,-34.2,-61.5,CORDOBA
-33.9Â°N/-61.8Â°E106.7m,-33.9,-61.8,CORDOBA
-33.9Â°N/-61.5Â°E97.3m,-33.9,-61.5,CORDOBA
-33.6Â°N/-61.5Â°E99.3m,-33.6,-61.5,CORDOBA
-35.1Â°N/-61.2Â°E75.0m,-35.1,-61.2,CENTRO
-35.1Â°N/-60.9Â°E67.8m,-35.1,-60.9,CENTRO
-34.8Â°N/-60.9Â°E71.6m,-34.8,-60.9,CENTRO
-34.5Â°N/-61.8Â°E98.6m,-34.5,-61.8,CENTRO
-34.5Â°N/-61.5Â°E88.6m,-34.5,-61.5,CENTRO
-34.5Â°N/-61.2Â°E81.1m,-34.5,-61.2,CENTRO
-34.5Â°N/-60.9Â°E75.6m,-34.5,-60.9,CENTRO
-34.2Â°N/-61.2Â°E86.1m,-34.2,-61.2,CENTRO
-35.7Â°N/-60.9Â°E75.7m,-35.7,-60.9,SUR
-35.4Â°N/-61.5Â°E83.1m,-35.4,-61.5,SUR
-35.4Â°N/-61.2Â°E77.5m,-35.4,-61.2,SUR
-35.4Â°N/-60.9Â°E71.3m,-35.4,-60.9,SUR
-35.4Â°N/-60.6Â°E64.3m,-35.4,-60.6,SUR
-35.1Â°N/-60.6Â°E61.6m,-35.1,-60.6,SUR
-34.8Â°N/-60.6Â°E64.7m,-34.8,-60.6,SUR
-32.7Â°N/-62.4Â°E112.7m,-32.7,-62.4,CORDOBA
-32.7Â°N/-62.1Â°E105.5m,-32.7,-62.1,CORDOBA
-32.4Â°N/-62.1Â°E106.2m,-32.4,-62.1,CORDOBA
-35.1Â°N/-60.3Â°E54.9m,-35.1,-60.3,SUR
-35.1Â°N/-60.0Â°E48.9m,-35.1,-60,SUR
-35.1Â°N/-59.7Â°E40.7m,-35.1,-59.7,SUR
-35.1Â°N/-59.4Â°E36.6m,-35.1,-59.4,SUR
-34.8Â°N/-60.3Â°E59.6m,-34.8,-60.3,SUR
-34.8Â°N/-60.0Â°E53.4m,-34.8,-60,SUR
-34.8Â°N/-59.7Â°E45.2m,-34.8,-59.7,SUR
-34.8Â°N/-59.4Â°E38.9m,-34.8,-59.4,SUR
-34.8Â°N/-59.1Â°E33.1m,-34.8,-59.1,SUR
-34.5Â°N/-59.7Â°E48.3m,-34.5,-59.7,SUR
-34.5Â°N/-59.4Â°E39.1m,-34.5,-59.4,SUR
-34.5Â°N/-59.1Â°E28.5m,-34.5,-59.1,SUR
-30.9Â°N/-64.2Â°E757.1m,-30.9,-64.2,NORTE
-30.9Â°N/-63.9Â°E388.4m,-30.9,-63.9,NORTE
-30.9Â°N/-63.6Â°E208.7m,-30.9,-63.6,NORTE
-30.6Â°N/-64.2Â°E732.1m,-30.6,-64.2,NORTE
-30.6Â°N/-63.9Â°E415.9m,-30.6,-63.9,NORTE
-30.6Â°N/-63.6Â°E202.4m,-30.6,-63.6,NORTE
-30.6Â°N/-63.3Â°E,-30.6,-63.3,NORTE
-30.3Â°N/-63.9Â°E482.6m,-30.3,-63.9,NORTE
-30.3Â°N/-63.6Â°E220.1m,-30.3,-63.6,NORTE
-30.0Â°N/-63.6Â°E294.5m,-30,-63.6,NORTE
-30.0Â°N/-63.3Â°E123.5m,-30,-63.3,NORTE
-29.7Â°N/-63.6Â°E369.5m,-29.7,-63.6,NORTE
-29.7Â°N/-63.3Â°E154.1m,-29.7,-63.3,NORTE
-36.9Â°N/-58.2Â°E33.1m,-36.9,-58.2,SUR
-36.6Â°N/-58.2Â°E22.4m,-36.6,-58.2,SUR
-36.6Â°N/-57.9Â°E12.9m,-36.6,-57.9,SUR
-36.6Â°N/-57.6Â°E6.4m,-36.6,-57.6,SUR
-36.6Â°N/-57.3Â°E3.0m,-36.6,-57.3,SUR
-36.3Â°N/-57.9Â°E10.4m,-36.3,-57.9,SUR
-36.3Â°N/-57.6Â°E5.5m,-36.3,-57.6,SUR
-36.3Â°N/-57.3Â°E,-36.3,-57.3,SUR
-36.0Â°N/-57.9Â°E9.2m,-36,-57.9,SUR
-36.0Â°N/-57.6Â°E5.7m,-36,-57.6,SUR
-35.7Â°N/-58.2Â°E14.3m,-35.7,-58.2,SUR
-35.7Â°N/-57.9Â°E10.7m,-35.7,-57.9,SUR
-35.7Â°N/-57.6Â°E,-35.7,-57.6,SUR
-35.4Â°N/-58.5Â°E21.7m,-35.4,-58.5,SUR
-35.4Â°N/-58.2Â°E16.6m,-35.4,-58.2,SUR
-35.4Â°N/-57.9Â°E13.2m,-35.4,-57.9,SUR
-35.4Â°N/-57.6Â°E9.8m,-35.4,-57.6,SUR
-35.4Â°N/-57.3Â°E,-35.4,-57.3,SUR
-26.1Â°N/-65.1Â°E1086.5m,-26.1,-65.1,NORTE
-26.1Â°N/-64.8Â°E969.3m,-26.1,-64.8,NORTE
-26.1Â°N/-64.5Â°E531.4m,-26.1,-64.5,NORTE
-25.8Â°N/-65.1Â°E1205.4m,-25.8,-65.1,NORTE
-25.8Â°N/-64.8Â°E850.1m,-25.8,-64.8,NORTE
-25.8Â°N/-64.5Â°E562.9m,-25.8,-64.5,NORTE
-25.5Â°N/-65.1Â°E1290.0m,-25.5,-65.1,NORTE
-25.5Â°N/-64.8Â°E854.0m,-25.5,-64.8,NORTE
-25.5Â°N/-64.5Â°E543.3m,-25.5,-64.5,NORTE
-25.5Â°N/-64.2Â°E430.5m,-25.5,-64.2,NORTE
-25.5Â°N/-63.9Â°E325.2m,-25.5,-63.9,NORTE
-25.5Â°N/-63.6Â°E288.2m,-25.5,-63.6,NORTE
-25.2Â°N/-65.1Â°E1182.0m,-25.2,-65.1,NORTE
-25.2Â°N/-64.8Â°E971.5m,-25.2,-64.8,NORTE
-25.2Â°N/-64.5Â°E619.0m,-25.2,-64.5,NORTE
-25.2Â°N/-64.2Â°E417.4m,-25.2,-64.2,NORTE
-25.2Â°N/-63.9Â°E336.4m,-25.2,-63.9,NORTE
-25.2Â°N/-63.6Â°E296.0m,-25.2,-63.6,NORTE
-25.2Â°N/-63.3Â°E271.9m,-25.2,-63.3,NORTE
-24.9Â°N/-64.5Â°E836.4m,-24.9,-64.5,NORTE
-24.9Â°N/-64.2Â°E484.9m,-24.9,-64.2,NORTE
-24.9Â°N/-63.9Â°E365.9m,-24.9,-63.9,NORTE
-24.9Â°N/-63.6Â°E304.6m,-24.9,-63.6,NORTE
-24.9Â°N/-63.3Â°E260.6m,-24.9,-63.3,NORTE
-24.9Â°N/-63.0Â°E244.4m,-24.9,-63,NORTE
-24.6Â°N/-64.5Â°E1025.4m,-24.6,-64.5,NORTE
-24.6Â°N/-64.2Â°E591.9m,-24.6,-64.2,NORTE
-24.6Â°N/-63.9Â°E362.7m,-24.6,-63.9,NORTE
-24.6Â°N/-63.6Â°E299.3m,-24.6,-63.6,NORTE
-24.6Â°N/-63.3Â°E250.5m,-24.6,-63.3,NORTE
-24.6Â°N/-63.0Â°E235.1m,-24.6,-63,NORTE
-24.6Â°N/-62.7Â°E209.5m,-24.6,-62.7,NORTE
-24.3Â°N/-64.2Â°E727.3m,-24.3,-64.2,NORTE
-24.3Â°N/-63.9Â°E357.9m,-24.3,-63.9,NORTE
-24.3Â°N/-63.6Â°E273.1m,-24.3,-63.6,NORTE
-24.3Â°N/-63.3Â°E238.3m,-24.3,-63.3,NORTE
-24.3Â°N/-63.0Â°E222.3m,-24.3,-63,NORTE
-24.3Â°N/-62.7Â°E204.5m,-24.3,-62.7,NORTE
-24.3Â°N/-62.4Â°E193.9m,-24.3,-62.4,NORTE
-24.0Â°N/-63.9Â°E394.3m,-24,-63.9,NORTE
-24.0Â°N/-63.6Â°E275.0m,-24,-63.6,NORTE
-24.0Â°N/-63.3Â°E225.7m,-24,-63.3,NORTE
-24.0Â°N/-63.0Â°E223.2m,-24,-63,NORTE
-37.8Â°N/-60.0Â°E201.1m,-37.8,-60,SUR
-37.8Â°N/-59.7Â°E187.5m,-37.8,-59.7,SUR
-37.8Â°N/-59.1Â°E188.4m,-37.8,-59.1,SUR
-37.8Â°N/-58.5Â°E134.8m,-37.8,-58.5,SUR
-37.5Â°N/-60.3Â°E224.4m,-37.5,-60.3,SUR
-37.5Â°N/-60.0Â°E229.2m,-37.5,-60,SUR
-37.5Â°N/-59.7Â°E229.9m,-37.5,-59.7,SUR
-37.5Â°N/-59.4Â°E233.9m,-37.5,-59.4,SUR
-37.5Â°N/-59.1Â°E221.4m,-37.5,-59.1,SUR
-37.5Â°N/-58.8Â°E172.7m,-37.5,-58.8,SUR
-37.5Â°N/-58.5Â°E112.0m,-37.5,-58.5,SUR
-37.5Â°N/-58.2Â°E65.9m,-37.5,-58.2,SUR
-37.2Â°N/-59.4Â°E185.8m,-37.2,-59.4,SUR
-37.2Â°N/-59.1Â°E154.5m,-37.2,-59.1,SUR
-37.2Â°N/-58.8Â°E117.2m,-37.2,-58.8,SUR
-37.2Â°N/-58.5Â°E77.1m,-37.2,-58.5,SUR
-37.2Â°N/-58.2Â°E46.6m,-37.2,-58.2,SUR
-37.2Â°N/-57.9Â°E27.6m,-37.2,-57.9,SUR
-36.9Â°N/-58.8Â°E86.0m,-36.9,-58.8,SUR
-36.9Â°N/-58.5Â°E58.7m,-36.9,-58.5,SUR
-36.6Â°N/-58.5Â°E39.3m,-36.6,-58.5,SUR
-35.1Â°N/-66.3Â°E385.9m,-35.1,-66.3,CORDOBA
-35.1Â°N/-66.0Â°E384.9m,-35.1,-66,CORDOBA
-35.1Â°N/-65.7Â°E358.6m,-35.1,-65.7,CORDOBA
-35.1Â°N/-65.4Â°E327.1m,-35.1,-65.4,CORDOBA
-34.8Â°N/-66.3Â°E435.8m,-34.8,-66.3,CORDOBA
-34.8Â°N/-66.0Â°E419.2m,-34.8,-66,CORDOBA
-34.8Â°N/-65.7Â°E379.6m,-34.8,-65.7,CORDOBA
-34.8Â°N/-65.4Â°E337.8m,-34.8,-65.4,CORDOBA
-34.5Â°N/-66.6Â°E491.2m,-34.5,-66.6,CORDOBA
-34.5Â°N/-66.3Â°E537.7m,-34.5,-66.3,CORDOBA
-34.5Â°N/-66.0Â°E476.6m,-34.5,-66,CORDOBA
-34.5Â°N/-65.7Â°E413.8m,-34.5,-65.7,CORDOBA
-34.5Â°N/-65.4Â°E367.3m,-34.5,-65.4,CORDOBA
-34.2Â°N/-66.6Â°E509.3m,-34.2,-66.6,CORDOBA
-34.2Â°N/-66.3Â°E579.2m,-34.2,-66.3,CORDOBA
-34.2Â°N/-66.0Â°E542.1m,-34.2,-66,CORDOBA
-34.2Â°N/-65.7Â°E476.7m,-34.2,-65.7,CORDOBA
-34.2Â°N/-65.4Â°E416.4m,-34.2,-65.4,CORDOBA
-33.9Â°N/-66.6Â°E486.4m,-33.9,-66.6,CORDOBA
-33.9Â°N/-66.3Â°E592.3m,-33.9,-66.3,CORDOBA
-33.9Â°N/-66.0Â°E615.8m,-33.9,-66,CORDOBA
-33.9Â°N/-65.7Â°E548.6m,-33.9,-65.7,CORDOBA
-33.9Â°N/-65.4Â°E469.4m,-33.9,-65.4,CORDOBA
-33.6Â°N/-66.9Â°E474.9m,-33.6,-66.9,CORDOBA
-33.6Â°N/-66.6Â°E501.8m,-33.6,-66.6,CORDOBA
-33.6Â°N/-66.3Â°E640.7m,-33.6,-66.3,CORDOBA
-33.6Â°N/-66.0Â°E700.3m,-33.6,-66,CORDOBA
-33.6Â°N/-65.7Â°E647.3m,-33.6,-65.7,CORDOBA
-33.6Â°N/-65.4Â°E598.4m,-33.6,-65.4,CORDOBA
-33.3Â°N/-66.9Â°E547.9m,-33.3,-66.9,CORDOBA
-33.3Â°N/-66.6Â°E599.8m,-33.3,-66.6,CORDOBA
-33.3Â°N/-66.3Â°E789.4m,-33.3,-66.3,CORDOBA
-33.3Â°N/-66.0Â°E862.1m,-33.3,-66,CORDOBA
-33.3Â°N/-65.7Â°E804.6m,-33.3,-65.7,CORDOBA
-33.3Â°N/-65.4Â°E804.2m,-33.3,-65.4,CORDOBA
-33.0Â°N/-66.9Â°E605.6m,-33,-66.9,CORDOBA
-33.0Â°N/-66.6Â°E712.5m,-33,-66.6,CORDOBA
-33.0Â°N/-66.3Â°E1012.7m,-33,-66.3,CORDOBA
-33.0Â°N/-66.0Â°E1187.0m,-33,-66,CORDOBA
-33.0Â°N/-65.7Â°E1035.2m,-33,-65.7,CORDOBA
-33.0Â°N/-65.4Â°E926.8m,-33,-65.4,CORDOBA
-33.0Â°N/-65.1Â°E942.3m,-33,-65.1,CORDOBA
-32.7Â°N/-66.6Â°E654.4m,-32.7,-66.6,CORDOBA
-32.7Â°N/-66.3Â°E901.5m,-32.7,-66.3,CORDOBA
-32.7Â°N/-66.0Â°E1231.9m,-32.7,-66,CORDOBA
-32.7Â°N/-65.7Â°E1103.6m,-32.7,-65.7,CORDOBA
-32.7Â°N/-65.4Â°E896.2m,-32.7,-65.4,CORDOBA
-32.7Â°N/-65.1Â°E994.7m,-32.7,-65.1,CORDOBA
-32.4Â°N/-66.6Â°E546.7m,-32.4,-66.6,CORDOBA
-32.4Â°N/-66.3Â°E598.7m,-32.4,-66.3,CORDOBA
-32.4Â°N/-66.0Â°E813.3m,-32.4,-66,CORDOBA
-32.4Â°N/-65.7Â°E819.5m,-32.4,-65.7,CORDOBA
-32.4Â°N/-65.4Â°E764.2m,-32.4,-65.4,CORDOBA
-32.4Â°N/-65.1Â°E1015.6m,-32.4,-65.1,CORDOBA
-32.1Â°N/-66.3Â°E477.5m,-32.1,-66.3,CORDOBA
-32.1Â°N/-66.0Â°E502.3m,-32.1,-66,CORDOBA
-32.1Â°N/-65.7Â°E482.7m,-32.1,-65.7,CORDOBA
-32.1Â°N/-65.4Â°E582.1m,-32.1,-65.4,CORDOBA
-32.1Â°N/-65.1Â°E995.6m,-32.1,-65.1,CORDOBA
-31.8Â°N/-65.4Â°E559.9m,-31.8,-65.4,CORDOBA
-31.8Â°N/-63.3Â°E210.0m,-31.8,-63.3,NORTE
-31.5Â°N/-63.9Â°E328.3m,-31.5,-63.9,NORTE
-31.5Â°N/-63.6Â°E264.9m,-31.5,-63.6,NORTE
-31.5Â°N/-63.3Â°E195.2m,-31.5,-63.3,NORTE
-31.2Â°N/-64.2Â°E605.8m,-31.2,-64.2,NORTE
-31.2Â°N/-63.9Â°E354.0m,-31.2,-63.9,NORTE
-31.2Â°N/-63.6Â°E246.9m,-31.2,-63.6,NORTE
-31.2Â°N/-63.3Â°E166.7m,-31.2,-63.3,NORTE
-36.3Â°N/-59.1Â°E52.0m,-36.3,-59.1,SUR
-36.3Â°N/-58.8Â°E40.4m,-36.3,-58.8,SUR
-36.0Â°N/-60.3Â°E66.1m,-36,-60.3,SUR
-36.0Â°N/-60.0Â°E58.8m,-36,-60,SUR
-36.0Â°N/-59.7Â°E50.9m,-36,-59.7,SUR
-36.0Â°N/-59.4Â°E43.3m,-36,-59.4,SUR
-36.0Â°N/-59.1Â°E34.6m,-36,-59.1,SUR
-36.0Â°N/-58.8Â°E28.1m,-36,-58.8,SUR
-35.7Â°N/-60.0Â°E47.7m,-35.7,-60,SUR
-35.7Â°N/-59.7Â°E37.8m,-35.7,-59.7,SUR
-35.7Â°N/-59.4Â°E32.1m,-35.7,-59.4,SUR
-35.7Â°N/-59.1Â°E25.7m,-35.7,-59.1,SUR
-35.4Â°N/-59.7Â°E37.8m,-35.4,-59.7,SUR
-35.4Â°N/-59.4Â°E31.9m,-35.4,-59.4,SUR
-35.4Â°N/-59.1Â°E26.4m,-35.4,-59.1,SUR
-35.1Â°N/-59.1Â°E32.0m,-35.1,-59.1,SUR
-32.7Â°N/-60.0Â°E31.2m,-32.7,-60,CENTRO
-32.7Â°N/-59.7Â°E46.4m,-32.7,-59.7,CENTRO
-32.4Â°N/-60.3Â°E45.1m,-32.4,-60.3,CENTRO
-32.4Â°N/-60.0Â°E61.0m,-32.4,-60,CENTRO
-32.4Â°N/-59.7Â°E63.5m,-32.4,-59.7,CENTRO
-32.4Â°N/-59.4Â°E57.5m,-32.4,-59.4,CENTRO
-32.1Â°N/-60.0Â°E77.7m,-32.1,-60,CENTRO
-32.1Â°N/-59.7Â°E69.7m,-32.1,-59.7,CENTRO
-32.1Â°N/-59.4Â°E60.0m,-32.1,-59.4,CENTRO
-32.1Â°N/-58.5Â°E42.7m,-32.1,-58.5,CENTRO
-32.1Â°N/-58.2Â°E29.5m,-32.1,-58.2,CENTRO
-31.8Â°N/-59.4Â°E60.4m,-31.8,-59.4,CENTRO
-31.8Â°N/-59.1Â°E53.3m,-31.8,-59.1,CENTRO
-31.8Â°N/-58.8Â°E57.3m,-31.8,-58.8,CENTRO
-31.8Â°N/-58.5Â°E51.5m,-31.8,-58.5,CENTRO
-31.8Â°N/-58.2Â°E39.3m,-31.8,-58.2,CENTRO
-31.5Â°N/-59.4Â°E62.2m,-31.5,-59.4,CENTRO
-31.5Â°N/-59.1Â°E58.1m,-31.5,-59.1,CENTRO
-31.5Â°N/-58.8Â°E60.4m,-31.5,-58.8,CENTRO
-31.5Â°N/-58.5Â°E54.9m,-31.5,-58.5,CENTRO
-31.5Â°N/-58.2Â°E45.8m,-31.5,-58.2,CENTRO
-31.2Â°N/-58.2Â°E53.1m,-31.2,-58.2,CENTRO
-32.1Â°N/-60.6Â°E39.8m,-32.1,-60.6,CENTRO
-32.1Â°N/-60.3Â°E68.7m,-32.1,-60.3,CENTRO
-31.8Â°N/-60.6Â°E38.0m,-31.8,-60.6,CENTRO
-31.8Â°N/-60.3Â°E63.8m,-31.8,-60.3,CENTRO
-31.8Â°N/-60.0Â°E72.9m,-31.8,-60,CENTRO
-31.8Â°N/-59.7Â°E72.7m,-31.8,-59.7,CENTRO
-31.5Â°N/-60.0Â°E60.7m,-31.5,-60,CENTRO
-31.5Â°N/-59.7Â°E68.8m,-31.5,-59.7,CENTRO
-33.3Â°N/-58.5Â°E13.2m,-33.3,-58.5,CENTRO
-33.0Â°N/-59.4Â°E22.9m,-33,-59.4,CENTRO
-33.0Â°N/-59.1Â°E28.2m,-33,-59.1,CENTRO
-33.0Â°N/-58.8Â°E29.8m,-33,-58.8,CENTRO
-33.0Â°N/-58.5Â°E20.2m,-33,-58.5,CENTRO
-33.0Â°N/-58.2Â°E16.0m,-33,-58.2,CENTRO
-32.7Â°N/-59.4Â°E48.2m,-32.7,-59.4,CENTRO
-32.7Â°N/-59.1Â°E43.3m,-32.7,-59.1,CENTRO
-32.7Â°N/-58.8Â°E39.8m,-32.7,-58.8,CENTRO
-32.7Â°N/-58.5Â°E28.2m,-32.7,-58.5,CENTRO
-32.7Â°N/-58.2Â°E21.0m,-32.7,-58.2,CENTRO
-32.4Â°N/-59.1Â°E50.0m,-32.4,-59.1,CENTRO
-32.4Â°N/-58.8Â°E45.5m,-32.4,-58.8,CENTRO
-32.4Â°N/-58.5Â°E34.3m,-32.4,-58.5,CENTRO
-32.1Â°N/-59.1Â°E51.9m,-32.1,-59.1,CENTRO
-32.1Â°N/-58.8Â°E51.7m,-32.1,-58.8,CENTRO
-31.2Â°N/-59.7Â°E56.1m,-31.2,-59.7,CENTRO
-31.2Â°N/-59.4Â°E61.1m,-31.2,-59.4,CENTRO
-31.2Â°N/-59.1Â°E60.5m,-31.2,-59.1,CENTRO
-31.2Â°N/-58.8Â°E61.7m,-31.2,-58.8,CENTRO
-31.2Â°N/-58.5Â°E59.3m,-31.2,-58.5,CENTRO
-30.9Â°N/-59.7Â°E38.2m,-30.9,-59.7,CENTRO
-30.9Â°N/-59.4Â°E54.5m,-30.9,-59.4,CENTRO
-30.9Â°N/-59.1Â°E60.2m,-30.9,-59.1,CENTRO
-30.9Â°N/-58.8Â°E63.4m,-30.9,-58.8,CENTRO
-30.9Â°N/-58.5Â°E66.0m,-30.9,-58.5,CENTRO
-30.9Â°N/-58.2Â°E58.8m,-30.9,-58.2,CENTRO
-30.9Â°N/-57.9Â°E55.1m,-30.9,-57.9,CENTRO
-30.6Â°N/-59.4Â°E45.0m,-30.6,-59.4,CENTRO
-30.6Â°N/-59.1Â°E57.1m,-30.6,-59.1,CENTRO
-30.6Â°N/-58.8Â°E63.3m,-30.6,-58.8,CENTRO
-30.6Â°N/-58.5Â°E68.3m,-30.6,-58.5,CENTRO
-30.6Â°N/-58.2Â°E60.7m,-30.6,-58.2,CENTRO
-30.3Â°N/-59.1Â°E50.7m,-30.3,-59.1,CENTRO
-30.3Â°N/-58.8Â°E60.5m,-30.3,-58.8,CENTRO
-30.3Â°N/-58.5Â°E69.1m,-30.3,-58.5,CENTRO
-36.9Â°N/-59.1Â°E104.9m,-36.9,-59.1,SUR
-36.6Â°N/-59.1Â°E74.9m,-36.6,-59.1,SUR
-36.6Â°N/-58.8Â°E59.4m,-36.6,-58.8,SUR
-36.3Â°N/-58.5Â°E26.4m,-36.3,-58.5,SUR
-36.3Â°N/-58.2Â°E15.6m,-36.3,-58.2,SUR
-36.0Â°N/-58.5Â°E18.6m,-36,-58.5,SUR
-36.0Â°N/-58.2Â°E12.5m,-36,-58.2,SUR
-35.7Â°N/-58.8Â°E22.3m,-35.7,-58.8,SUR
-35.7Â°N/-58.5Â°E19.0m,-35.7,-58.5,SUR
-35.4Â°N/-58.8Â°E25.0m,-35.4,-58.8,SUR
-31.5Â°N/-60.6Â°E22.3m,-31.5,-60.6,NORTE
-31.2Â°N/-61.5Â°E84.7m,-31.2,-61.5,NORTE
-31.2Â°N/-61.2Â°E59.1m,-31.2,-61.2,NORTE
-31.2Â°N/-60.9Â°E40.9m,-31.2,-60.9,NORTE
-31.2Â°N/-60.6Â°E25.5m,-31.2,-60.6,NORTE
-30.9Â°N/-61.5Â°E85.4m,-30.9,-61.5,NORTE
-30.9Â°N/-61.2Â°E64.8m,-30.9,-61.2,NORTE
-38.1Â°N/-57.9Â°E,-38.1,-57.9,SUR
-38.1Â°N/-57.6Â°E,-38.1,-57.6,SUR
-37.8Â°N/-58.2Â°E102.4m,-37.8,-58.2,SUR
-37.8Â°N/-57.9Â°E65.1m,-37.8,-57.9,SUR
-37.8Â°N/-57.6Â°E,-37.8,-57.6,SUR
-37.5Â°N/-57.9Â°E39.0m,-37.5,-57.9,SUR
-37.5Â°N/-63.3Â°E160.3m,-37.5,-63.3,SUR
-37.5Â°N/-63.0Â°E193.4m,-37.5,-63,SUR
-37.2Â°N/-63.3Â°E133.8m,-37.2,-63.3,SUR
-37.2Â°N/-63.0Â°E137.3m,-37.2,-63,SUR
-37.2Â°N/-62.7Â°E147.5m,-37.2,-62.7,SUR
-37.2Â°N/-62.4Â°E161.5m,-37.2,-62.4,SUR
-36.9Â°N/-63.3Â°E132.8m,-36.9,-63.3,SUR
-36.9Â°N/-63.0Â°E128.0m,-36.9,-63,SUR
-36.9Â°N/-62.7Â°E120.6m,-36.9,-62.7,SUR
-36.9Â°N/-62.4Â°E124.9m,-36.9,-62.4,SUR
-36.9Â°N/-62.1Â°E129.6m,-36.9,-62.1,SUR
-36.6Â°N/-63.3Â°E126.9m,-36.6,-63.3,SUR
-36.6Â°N/-63.0Â°E122.0m,-36.6,-63,SUR
-36.6Â°N/-62.4Â°E116.1m,-36.6,-62.4,SUR
-32.7Â°N/-61.2Â°E60.0m,-32.7,-61.2,CENTRO
-32.7Â°N/-60.9Â°E32.3m,-32.7,-60.9,CENTRO
-32.4Â°N/-61.2Â°E43.5m,-32.4,-61.2,CENTRO
-32.4Â°N/-60.9Â°E21.8m,-32.4,-60.9,CENTRO
-32.1Â°N/-61.5Â°E67.8m,-32.1,-61.5,CENTRO
-32.1Â°N/-61.2Â°E39.5m,-32.1,-61.2,CENTRO
-31.8Â°N/-61.5Â°E68.3m,-31.8,-61.5,CENTRO
-31.8Â°N/-61.2Â°E43.0m,-31.8,-61.2,CENTRO
-31.8Â°N/-60.9Â°E28.4m,-31.8,-60.9,CENTRO
-31.5Â°N/-61.2Â°E50.1m,-31.5,-61.2,CENTRO
-31.5Â°N/-60.9Â°E30.9m,-31.5,-60.9,CENTRO
-32.7Â°N/-61.8Â°E100.9m,-32.7,-61.8,CENTRO
-32.7Â°N/-61.5Â°E90.2m,-32.7,-61.5,CENTRO
-32.4Â°N/-61.8Â°E100.8m,-32.4,-61.8,CENTRO
-32.4Â°N/-61.5Â°E78.3m,-32.4,-61.5,CENTRO
-32.1Â°N/-62.1Â°E104.9m,-32.1,-62.1,CENTRO
-32.1Â°N/-61.8Â°E96.2m,-32.1,-61.8,CENTRO
-31.8Â°N/-62.1Â°E105.1m,-31.8,-62.1,CENTRO
-31.8Â°N/-61.8Â°E97.5m,-31.8,-61.8,CENTRO
-34.8Â°N/-65.1Â°E292.6m,-34.8,-65.1,CORDOBA
-34.8Â°N/-64.8Â°E249.5m,-34.8,-64.8,CORDOBA
-34.8Â°N/-64.5Â°E204.7m,-34.8,-64.5,CORDOBA
-34.8Â°N/-64.2Â°E166.8m,-34.8,-64.2,CORDOBA
-34.8Â°N/-63.9Â°E144.4m,-34.8,-63.9,CORDOBA
-34.5Â°N/-65.1Â°E310.2m,-34.5,-65.1,CORDOBA
-34.5Â°N/-64.8Â°E264.6m,-34.5,-64.8,CORDOBA
-34.5Â°N/-64.5Â°E220.1m,-34.5,-64.5,CORDOBA
-34.5Â°N/-64.2Â°E180.0m,-34.5,-64.2,CORDOBA
-34.5Â°N/-63.9Â°E155.9m,-34.5,-63.9,CORDOBA
-34.2Â°N/-65.1Â°E351.9m,-34.2,-65.1,CORDOBA
-34.2Â°N/-64.8Â°E297.9m,-34.2,-64.8,CORDOBA
-34.2Â°N/-64.5Â°E245.8m,-34.2,-64.5,CORDOBA
-40.2Â°N/-62.1Â°E,-40.2,-62.1,
-39.0Â°N/-63.9Â°E86.2m,-39,-63.9,
-39.0Â°N/-63.6Â°E72.3m,-39,-63.6,
-39.0Â°N/-62.1Â°E,-39,-62.1,
-38.7Â°N/-66.3Â°E239.2m,-38.7,-66.3,
-38.7Â°N/-66.0Â°E219.9m,-38.7,-66,
-38.7Â°N/-65.7Â°E207.0m,-38.7,-65.7,
-38.7Â°N/-65.4Â°E198.1m,-38.7,-65.4,
-38.7Â°N/-65.1Â°E197.0m,-38.7,-65.1,
-38.7Â°N/-64.8Â°E194.2m,-38.7,-64.8,
-38.7Â°N/-64.5Â°E152.4m,-38.7,-64.5,
-38.7Â°N/-64.2Â°E84.5m,-38.7,-64.2,
-38.7Â°N/-63.9Â°E55.2m,-38.7,-63.9,
-38.7Â°N/-63.6Â°E54.6m,-38.7,-63.6,
-38.4Â°N/-66.9Â°E279.7m,-38.4,-66.9,
-38.4Â°N/-66.6Â°E267.1m,-38.4,-66.6,
-38.4Â°N/-66.3Â°E251.3m,-38.4,-66.3,
-38.4Â°N/-66.0Â°E230.0m,-38.4,-66,
-38.4Â°N/-65.7Â°E232.3m,-38.4,-65.7,
-38.4Â°N/-65.4Â°E241.9m,-38.4,-65.4,
-38.4Â°N/-65.1Â°E245.4m,-38.4,-65.1,
-38.4Â°N/-64.8Â°E232.3m,-38.4,-64.8,
-38.4Â°N/-64.5Â°E169.6m,-38.4,-64.5,
-38.4Â°N/-64.2Â°E102.7m,-38.4,-64.2,
-38.4Â°N/-63.9Â°E65.9m,-38.4,-63.9,
-38.4Â°N/-63.6Â°E73.0m,-38.4,-63.6,
-38.1Â°N/-67.5Â°E336.5m,-38.1,-67.5,
-38.1Â°N/-67.2Â°E312.3m,-38.1,-67.2,
-38.1Â°N/-66.9Â°E303.4m,-38.1,-66.9,
-38.1Â°N/-66.6Â°E286.5m,-38.1,-66.6,
-38.1Â°N/-66.3Â°E263.5m,-38.1,-66.3,
-38.1Â°N/-66.0Â°E239.6m,-38.1,-66,
-38.1Â°N/-65.7Â°E252.8m,-38.1,-65.7,
-38.1Â°N/-65.4Â°E270.4m,-38.1,-65.4,
-38.1Â°N/-65.1Â°E270.3m,-38.1,-65.1,
-38.1Â°N/-64.8Â°E237.1m,-38.1,-64.8,
-38.1Â°N/-64.5Â°E179.6m,-38.1,-64.5,
-38.1Â°N/-64.2Â°E131.0m,-38.1,-64.2,
-38.1Â°N/-63.9Â°E110.2m,-38.1,-63.9,
-38.1Â°N/-63.6Â°E129.6m,-38.1,-63.6,
-37.8Â°N/-67.5Â°E360.1m,-37.8,-67.5,
-37.8Â°N/-67.2Â°E346.4m,-37.8,-67.2,
-37.8Â°N/-66.9Â°E323.1m,-37.8,-66.9,
-37.8Â°N/-66.6Â°E294.7m,-37.8,-66.6,
-37.8Â°N/-66.3Â°E266.5m,-37.8,-66.3,
-37.8Â°N/-66.0Â°E239.1m,-37.8,-66,
-37.8Â°N/-65.7Â°E242.9m,-37.8,-65.7,
-37.8Â°N/-65.4Â°E258.8m,-37.8,-65.4,
-37.8Â°N/-65.1Â°E279.1m,-37.8,-65.1,
-37.8Â°N/-64.8Â°E263.3m,-37.8,-64.8,
-37.8Â°N/-64.5Â°E219.2m,-37.8,-64.5,
-37.8Â°N/-64.2Â°E176.7m,-37.8,-64.2,
-37.8Â°N/-63.9Â°E158.3m,-37.8,-63.9,
-37.8Â°N/-63.6Â°E160.5m,-37.8,-63.6,
-37.5Â°N/-68.1Â°E538.9m,-37.5,-68.1,
-37.5Â°N/-67.8Â°E467.3m,-37.5,-67.8,
-37.5Â°N/-67.5Â°E395.2m,-37.5,-67.5,
-37.5Â°N/-67.2Â°E329.6m,-37.5,-67.2,
-37.5Â°N/-66.9Â°E290.9m,-37.5,-66.9,
-37.5Â°N/-66.6Â°E277.4m,-37.5,-66.6,
-37.5Â°N/-66.3Â°E260.3m,-37.5,-66.3,
-37.5Â°N/-66.0Â°E242.7m,-37.5,-66,
-37.5Â°N/-65.7Â°E256.2m,-37.5,-65.7,
-37.5Â°N/-65.4Â°E278.0m,-37.5,-65.4,
-37.5Â°N/-65.1Â°E308.5m,-37.5,-65.1,
-37.5Â°N/-64.8Â°E301.7m,-37.5,-64.8,
-37.5Â°N/-64.5Â°E252.9m,-37.5,-64.5,
-37.5Â°N/-64.2Â°E203.1m,-37.5,-64.2,
-37.5Â°N/-63.9Â°E171.0m,-37.5,-63.9,
-37.5Â°N/-63.6Â°E156.0m,-37.5,-63.6,
-37.2Â°N/-68.1Â°E679.7m,-37.2,-68.1,
-37.2Â°N/-67.8Â°E556.3m,-37.2,-67.8,
-37.2Â°N/-67.5Â°E431.2m,-37.2,-67.5,
-37.2Â°N/-67.2Â°E320.0m,-37.2,-67.2,
-37.2Â°N/-66.9Â°E266.5m,-37.2,-66.9,
-37.2Â°N/-66.6Â°E264.3m,-37.2,-66.6,
-37.2Â°N/-66.3Â°E260.7m,-37.2,-66.3,
-37.2Â°N/-66.0Â°E266.4m,-37.2,-66,
-37.2Â°N/-65.7Â°E307.0m,-37.2,-65.7,
-37.2Â°N/-65.4Â°E335.7m,-37.2,-65.4,
-37.2Â°N/-65.1Â°E339.4m,-37.2,-65.1,
-37.2Â°N/-64.8Â°E295.2m,-37.2,-64.8,
-37.2Â°N/-64.5Â°E227.8m,-37.2,-64.5,
-37.2Â°N/-64.2Â°E173.6m,-37.2,-64.2,
-37.2Â°N/-63.9Â°E146.8m,-37.2,-63.9,
-37.2Â°N/-63.6Â°E137.2m,-37.2,-63.6,
-36.9Â°N/-68.1Â°E749.5m,-36.9,-68.1,
-36.9Â°N/-67.8Â°E614.2m,-36.9,-67.8,
-36.9Â°N/-67.5Â°E476.1m,-36.9,-67.5,
-36.9Â°N/-67.2Â°E342.0m,-36.9,-67.2,
-36.9Â°N/-66.9Â°E278.0m,-36.9,-66.9,
-36.9Â°N/-66.6Â°E279.3m,-36.9,-66.6,
-36.9Â°N/-66.3Â°E281.3m,-36.9,-66.3,
-36.9Â°N/-66.0Â°E286.6m,-36.9,-66,
-36.9Â°N/-65.7Â°E320.3m,-36.9,-65.7,
-36.9Â°N/-65.4Â°E344.4m,-36.9,-65.4,
-36.9Â°N/-65.1Â°E333.2m,-36.9,-65.1,
-36.9Â°N/-64.8Â°E282.5m,-36.9,-64.8,
-36.9Â°N/-64.5Â°E218.0m,-36.9,-64.5,
-36.9Â°N/-64.2Â°E166.8m,-36.9,-64.2,
-36.9Â°N/-63.9Â°E144.6m,-36.9,-63.9,
-36.9Â°N/-63.6Â°E136.4m,-36.9,-63.6,
-36.9Â°N/-56.7Â°E,-36.9,-56.7,
-36.6Â°N/-68.1Â°E813.2m,-36.6,-68.1,
-36.6Â°N/-67.8Â°E676.7m,-36.6,-67.8,
-36.6Â°N/-67.5Â°E515.0m,-36.6,-67.5,
-36.6Â°N/-67.2Â°E364.2m,-36.6,-67.2,
-36.6Â°N/-66.9Â°E297.0m,-36.6,-66.9,
-36.6Â°N/-66.6Â°E295.9m,-36.6,-66.6,
-36.6Â°N/-66.3Â°E305.0m,-36.6,-66.3,
-36.6Â°N/-66.0Â°E308.7m,-36.6,-66,
-36.6Â°N/-65.7Â°E319.6m,-36.6,-65.7,
-36.6Â°N/-65.4Â°E317.2m,-36.6,-65.4,
-36.6Â°N/-65.1Â°E297.9m,-36.6,-65.1,
-36.6Â°N/-64.8Â°E264.2m,-36.6,-64.8,
-36.6Â°N/-64.5Â°E212.6m,-36.6,-64.5,
-36.6Â°N/-64.2Â°E167.9m,-36.6,-64.2,
-36.6Â°N/-63.9Â°E147.3m,-36.6,-63.9,
-36.6Â°N/-63.6Â°E134.9m,-36.6,-63.6,
-36.6Â°N/-56.7Â°E,-36.6,-56.7,
-36.3Â°N/-68.1Â°E902.8m,-36.3,-68.1,
-36.3Â°N/-67.8Â°E712.9m,-36.3,-67.8,
-36.3Â°N/-67.5Â°E532.9m,-36.3,-67.5,
-36.3Â°N/-67.2Â°E374.6m,-36.3,-67.2,
-36.3Â°N/-66.9Â°E312.4m,-36.3,-66.9,
-36.3Â°N/-66.6Â°E310.7m,-36.3,-66.6,
-36.3Â°N/-66.3Â°E322.0m,-36.3,-66.3,
-36.3Â°N/-66.0Â°E326.7m,-36.3,-66,
-36.3Â°N/-65.7Â°E323.8m,-36.3,-65.7,
-36.3Â°N/-65.4Â°E306.5m,-36.3,-65.4,
-36.3Â°N/-65.1Â°E284.5m,-36.3,-65.1,
-36.3Â°N/-64.8Â°E256.2m,-36.3,-64.8,
-36.3Â°N/-64.5Â°E212.9m,-36.3,-64.5,
-36.3Â°N/-64.2Â°E170.7m,-36.3,-64.2,
-36.0Â°N/-68.1Â°E969.8m,-36,-68.1,
-36.0Â°N/-67.8Â°E702.9m,-36,-67.8,
-36.0Â°N/-67.5Â°E512.1m,-36,-67.5,
-36.0Â°N/-67.2Â°E366.6m,-36,-67.2,
-36.0Â°N/-66.9Â°E330.9m,-36,-66.9,
-36.0Â°N/-66.6Â°E335.5m,-36,-66.6,
-36.0Â°N/-66.3Â°E340.2m,-36,-66.3,
-36.0Â°N/-66.0Â°E345.0m,-36,-66,
-36.0Â°N/-65.7Â°E336.2m,-36,-65.7,
-36.0Â°N/-65.4Â°E314.1m,-36,-65.4,
-36.0Â°N/-65.1Â°E290.5m,-36,-65.1,
-35.7Â°N/-66.3Â°E354.6m,-35.7,-66.3,
-35.7Â°N/-66.0Â°E356.1m,-35.7,-66,
-35.7Â°N/-65.7Â°E342.5m,-35.7,-65.7,
-35.7Â°N/-65.4Â°E319.3m,-35.7,-65.4,
-35.4Â°N/-66.3Â°E367.9m,-35.4,-66.3,
-35.4Â°N/-66.0Â°E364.9m,-35.4,-66,
-35.4Â°N/-65.7Â°E346.1m,-35.4,-65.7,
-35.4Â°N/-65.4Â°E324.2m,-35.4,-65.4,
-35.1Â°N/-58.8Â°E28.4m,-35.1,-58.8,
-35.1Â°N/-58.5Â°E24.3m,-35.1,-58.5,
-35.1Â°N/-58.2Â°E19.2m,-35.1,-58.2,
-35.1Â°N/-57.9Â°E13.9m,-35.1,-57.9,
-35.1Â°N/-57.6Â°E,-35.1,-57.6,
-34.8Â°N/-66.6Â°E417.5m,-34.8,-66.6,
-34.8Â°N/-58.8Â°E27.2m,-34.8,-58.8,
-34.8Â°N/-58.5Â°E20.8m,-34.8,-58.5,
-34.8Â°N/-58.2Â°E,-34.8,-58.2,
-34.5Â°N/-58.8Â°E19.3m,-34.5,-58.8,
-34.5Â°N/-58.5Â°E,-34.5,-58.5,
-34.2Â°N/-58.8Â°E9.2m,-34.2,-58.8,
-34.2Â°N/-58.5Â°E,-34.2,-58.5,
-33.9Â°N/-59.1Â°E8.1m,-33.9,-59.1,
-33.9Â°N/-58.8Â°E3.3m,-33.9,-58.8,
-33.9Â°N/-58.5Â°E10.3m,-33.9,-58.5,
-33.6Â°N/-59.7Â°E13.8m,-33.6,-59.7,
-33.6Â°N/-59.4Â°E4.9m,-33.6,-59.4,
-33.6Â°N/-59.1Â°E2.4m,-33.6,-59.1,
-33.6Â°N/-58.8Â°E4.1m,-33.6,-58.8,
-33.6Â°N/-58.5Â°E10.4m,-33.6,-58.5,
-33.3Â°N/-60.0Â°E12.1m,-33.3,-60,
-33.3Â°N/-59.7Â°E5.0m,-33.3,-59.7,
-33.3Â°N/-59.4Â°E5.5m,-33.3,-59.4,
-33.3Â°N/-59.1Â°E9.4m,-33.3,-59.1,
-33.3Â°N/-58.8Â°E12.1m,-33.3,-58.8,
-33.0Â°N/-60.6Â°E23.2m,-33,-60.6,
-33.0Â°N/-60.3Â°E9.5m,-33,-60.3,
-33.0Â°N/-60.0Â°E8.9m,-33,-60,
-33.0Â°N/-59.7Â°E16.1m,-33,-59.7,
-32.7Â°N/-66.9Â°E607.6m,-32.7,-66.9,
-32.7Â°N/-60.6Â°E14.2m,-32.7,-60.6,
-32.7Â°N/-60.3Â°E15.7m,-32.7,-60.3,
-32.4Â°N/-67.2Â°E554.9m,-32.4,-67.2,
-32.4Â°N/-66.9Â°E576.8m,-32.4,-66.9,
-32.4Â°N/-64.8Â°E1068.0m,-32.4,-64.8,
-32.4Â°N/-60.6Â°E24.7m,-32.4,-60.6,
-32.4Â°N/-58.2Â°E24.4m,-32.4,-58.2,
-32.1Â°N/-67.2Â°E554.9m,-32.1,-67.2,
-32.1Â°N/-66.9Â°E502.0m,-32.1,-66.9,
-32.1Â°N/-66.6Â°E473.6m,-32.1,-66.6,
-32.1Â°N/-64.8Â°E1110.8m,-32.1,-64.8,
-32.1Â°N/-60.9Â°E24.3m,-32.1,-60.9,
-31.8Â°N/-65.7Â°E351.0m,-31.8,-65.7,
-31.8Â°N/-65.1Â°E1065.2m,-31.8,-65.1,
-31.8Â°N/-64.8Â°E1246.1m,-31.8,-64.8,
-31.8Â°N/-64.5Â°E870.9m,-31.8,-64.5,
-31.5Â°N/-65.7Â°E359.6m,-31.5,-65.7,
-31.5Â°N/-65.4Â°E649.6m,-31.5,-65.4,
-31.5Â°N/-65.1Â°E1168.6m,-31.5,-65.1,
-31.5Â°N/-64.8Â°E1323.0m,-31.5,-64.8,
-31.5Â°N/-64.5Â°E961.7m,-31.5,-64.5,
-31.5Â°N/-60.3Â°E37.8m,-31.5,-60.3,
-31.2Â°N/-65.7Â°E341.5m,-31.2,-65.7,
-31.2Â°N/-65.4Â°E650.5m,-31.2,-65.4,
-31.2Â°N/-65.1Â°E1047.6m,-31.2,-65.1,
-31.2Â°N/-64.8Â°E1149.8m,-31.2,-64.8,
-31.2Â°N/-64.5Â°E929.6m,-31.2,-64.5,
-31.2Â°N/-60.3Â°E21.8m,-31.2,-60.3,
-31.2Â°N/-60.0Â°E37.8m,-31.2,-60,
-30.9Â°N/-65.7Â°E302.1m,-30.9,-65.7,
-30.9Â°N/-65.4Â°E470.6m,-30.9,-65.4,
-30.9Â°N/-65.1Â°E657.2m,-30.9,-65.1,
-30.9Â°N/-64.8Â°E791.2m,-30.9,-64.8,
-30.9Â°N/-64.5Â°E923.4m,-30.9,-64.5,
-30.9Â°N/-62.7Â°E,-30.9,-62.7,
-30.9Â°N/-62.4Â°E,-30.9,-62.4,
-30.9Â°N/-60.0Â°E24.9m,-30.9,-60,
-30.6Â°N/-65.4Â°E286.0m,-30.6,-65.4,
-30.6Â°N/-65.1Â°E364.9m,-30.6,-65.1,
-30.6Â°N/-64.8Â°E511.7m,-30.6,-64.8,
-30.6Â°N/-64.5Â°E736.9m,-30.6,-64.5,
-30.6Â°N/-63.0Â°E,-30.6,-63,
-30.6Â°N/-62.7Â°E,-30.6,-62.7,
-30.6Â°N/-62.4Â°E,-30.6,-62.4,
-30.6Â°N/-59.7Â°E30.4m,-30.6,-59.7,
-30.3Â°N/-65.4Â°E207.1m,-30.3,-65.4,
-30.3Â°N/-65.1Â°E237.2m,-30.3,-65.1,
-30.3Â°N/-64.8Â°E304.9m,-30.3,-64.8,
-30.3Â°N/-64.5Â°E537.6m,-30.3,-64.5,
-30.3Â°N/-64.2Â°E668.9m,-30.3,-64.2,
-30.3Â°N/-63.3Â°E109.6m,-30.3,-63.3,
-30.3Â°N/-63.0Â°E,-30.3,-63,
-30.3Â°N/-62.7Â°E,-30.3,-62.7,
-30.3Â°N/-62.4Â°E,-30.3,-62.4,
-30.0Â°N/-65.1Â°E191.9m,-30,-65.1,
-30.0Â°N/-64.8Â°E194.3m,-30,-64.8,
-30.0Â°N/-64.5Â°E365.9m,-30,-64.5,
-30.0Â°N/-64.2Â°E588.4m,-30,-64.2,
-30.0Â°N/-63.9Â°E554.2m,-30,-63.9,
-30.0Â°N/-63.0Â°E82.0m,-30,-63,
-30.0Â°N/-62.7Â°E74.3m,-30,-62.7,
-30.0Â°N/-62.4Â°E76.8m,-30,-62.4,
-30.0Â°N/-59.7Â°E29.5m,-30,-59.7,
-29.7Â°N/-64.8Â°E185.0m,-29.7,-64.8,
-29.7Â°N/-64.5Â°E203.4m,-29.7,-64.5,
-29.7Â°N/-64.2Â°E406.1m,-29.7,-64.2,
-29.7Â°N/-63.9Â°E533.8m,-29.7,-63.9,
-29.7Â°N/-63.0Â°E84.5m,-29.7,-63,
-29.7Â°N/-62.7Â°E78.8m,-29.7,-62.7,
-29.7Â°N/-62.4Â°E80.6m,-29.7,-62.4,
-29.7Â°N/-59.7Â°E34.6m,-29.7,-59.7,
-29.4Â°N/-64.5Â°E163.3m,-29.4,-64.5,
-29.4Â°N/-64.2Â°E251.1m,-29.4,-64.2,
-29.4Â°N/-63.9Â°E384.4m,-29.4,-63.9,
-29.4Â°N/-63.6Â°E323.1m,-29.4,-63.6,
-29.4Â°N/-63.3Â°E166.5m,-29.4,-63.3,
-29.4Â°N/-63.0Â°E92.9m,-29.4,-63,
-29.4Â°N/-59.7Â°E39.0m,-29.4,-59.7,
-29.1Â°N/-64.8Â°E199.0m,-29.1,-64.8,
-29.1Â°N/-64.5Â°E148.6m,-29.1,-64.5,
-29.1Â°N/-64.2Â°E158.5m,-29.1,-64.2,
-29.1Â°N/-63.9Â°E225.5m,-29.1,-63.9,
-29.1Â°N/-63.6Â°E203.0m,-29.1,-63.6,
-29.1Â°N/-63.3Â°E129.2m,-29.1,-63.3,
-29.1Â°N/-59.4Â°E42.9m,-29.1,-59.4,
-28.8Â°N/-64.8Â°E252.1m,-28.8,-64.8,
-28.8Â°N/-64.5Â°E174.2m,-28.8,-64.5,
-28.8Â°N/-64.2Â°E120.9m,-28.8,-64.2,
-28.8Â°N/-63.9Â°E133.5m,-28.8,-63.9,
-28.8Â°N/-63.6Â°E127.5m,-28.8,-63.6,
-28.8Â°N/-63.3Â°E108.5m,-28.8,-63.3,
-28.8Â°N/-59.4Â°E46.3m,-28.8,-59.4,
-28.5Â°N/-65.1Â°E472.6m,-28.5,-65.1,
-28.5Â°N/-64.8Â°E325.5m,-28.5,-64.8,
-28.5Â°N/-64.5Â°E210.3m,-28.5,-64.5,
-28.5Â°N/-64.2Â°E138.4m,-28.5,-64.2,
-28.5Â°N/-63.9Â°E125.5m,-28.5,-63.9,
-28.5Â°N/-63.6Â°E121.1m,-28.5,-63.6,
-28.5Â°N/-63.3Â°E114.4m,-28.5,-63.3,
-28.5Â°N/-59.1Â°E50.9m,-28.5,-59.1,
-28.2Â°N/-59.1Â°E47.2m,-28.2,-59.1,
-27.9Â°N/-60.0Â°E66.8m,-27.9,-60,
-27.9Â°N/-59.7Â°E58.5m,-27.9,-59.7,
-27.9Â°N/-59.4Â°E57.0m,-27.9,-59.4,
-27.9Â°N/-59.1Â°E49.3m,-27.9,-59.1,
-27.6Â°N/-60.0Â°E71.0m,-27.6,-60,
-27.6Â°N/-59.7Â°E62.3m,-27.6,-59.7,
-27.6Â°N/-59.4Â°E60.3m,-27.6,-59.4,
-27.6Â°N/-59.1Â°E53.7m,-27.6,-59.1,
-27.3Â°N/-60.0Â°E74.8m,-27.3,-60,
-27.3Â°N/-59.7Â°E68.2m,-27.3,-59.7,
-27.3Â°N/-59.4Â°E64.7m,-27.3,-59.4,
-27.3Â°N/-59.1Â°E57.9m,-27.3,-59.1,
-27.3Â°N/-58.8Â°E57.5m,-27.3,-58.8,
-27.0Â°N/-59.7Â°E74.1m,-27,-59.7,
-27.0Â°N/-59.4Â°E69.8m,-27,-59.4,
-27.0Â°N/-59.1Â°E63.0m,-27,-59.1,
-27.0Â°N/-58.8Â°E61.1m,-27,-58.8,
-26.7Â°N/-63.6Â°E206.9m,-26.7,-63.6,
-26.7Â°N/-63.3Â°E199.7m,-26.7,-63.3,
-26.7Â°N/-59.7Â°E81.3m,-26.7,-59.7,
-26.7Â°N/-59.4Â°E76.7m,-26.7,-59.4,
-26.7Â°N/-59.1Â°E71.4m,-26.7,-59.1,
-26.7Â°N/-58.8Â°E66.5m,-26.7,-58.8,
-26.4Â°N/-63.6Â°E220.0m,-26.4,-63.6,
-26.4Â°N/-63.3Â°E216.5m,-26.4,-63.3,
-26.4Â°N/-59.4Â°E80.6m,-26.4,-59.4,
-26.4Â°N/-59.1Â°E75.9m,-26.4,-59.1,
-26.1Â°N/-66.6Â°E4323.7m,-26.1,-66.6,
-26.1Â°N/-66.3Â°E3619.5m,-26.1,-66.3,
-26.1Â°N/-66.0Â°E2528.3m,-26.1,-66,
-26.1Â°N/-65.7Â°E2044.0m,-26.1,-65.7,
-26.1Â°N/-63.6Â°E246.4m,-26.1,-63.6,
-26.1Â°N/-63.3Â°E232.3m,-26.1,-63.3,
-26.1Â°N/-63.0Â°E220.6m,-26.1,-63,
-26.1Â°N/-59.7Â°E91.8m,-26.1,-59.7,
-25.8Â°N/-66.6Â°E4014.0m,-25.8,-66.6,
-25.8Â°N/-66.3Â°E3062.5m,-25.8,-66.3,
-25.8Â°N/-66.0Â°E2256.6m,-25.8,-66,
-25.8Â°N/-65.7Â°E1991.0m,-25.8,-65.7,
-25.8Â°N/-65.4Â°E1581.8m,-25.8,-65.4,
-25.8Â°N/-63.6Â°E269.0m,-25.8,-63.6,
-25.8Â°N/-63.3Â°E250.0m,-25.8,-63.3,
-25.8Â°N/-63.0Â°E234.2m,-25.8,-63,
-25.8Â°N/-62.7Â°E213.5m,-25.8,-62.7,
-25.8Â°N/-62.4Â°E197.6m,-25.8,-62.4,
-25.8Â°N/-62.1Â°E181.7m,-25.8,-62.1,
-25.8Â°N/-61.8Â°E166.9m,-25.8,-61.8,
-25.8Â°N/-60.0Â°E103.6m,-25.8,-60,
-25.5Â°N/-66.3Â°E2910.1m,-25.5,-66.3,
-25.5Â°N/-66.0Â°E2498.9m,-25.5,-66,
-25.5Â°N/-65.7Â°E2070.3m,-25.5,-65.7,
-25.5Â°N/-65.4Â°E1614.3m,-25.5,-65.4,
-25.5Â°N/-63.3Â°E270.9m,-25.5,-63.3,
-25.5Â°N/-63.0Â°E239.7m,-25.5,-63,
-25.5Â°N/-62.7Â°E220.3m,-25.5,-62.7,
-25.5Â°N/-62.4Â°E201.7m,-25.5,-62.4,
-25.5Â°N/-62.1Â°E183.8m,-25.5,-62.1,
-25.5Â°N/-61.8Â°E168.6m,-25.5,-61.8,
-25.5Â°N/-60.6Â°E122.5m,-25.5,-60.6,
-25.5Â°N/-60.3Â°E115.5m,-25.5,-60.3,
-25.2Â°N/-66.3Â°E3443.8m,-25.2,-66.3,
-25.2Â°N/-66.0Â°E2911.9m,-25.2,-66,
-25.2Â°N/-65.7Â°E2148.5m,-25.2,-65.7,
-25.2Â°N/-63.0Â°E245.8m,-25.2,-63,
-25.2Â°N/-62.7Â°E220.2m,-25.2,-62.7,
-25.2Â°N/-62.4Â°E200.5m,-25.2,-62.4,
-25.2Â°N/-62.1Â°E183.6m,-25.2,-62.1,
-25.2Â°N/-61.8Â°E169.9m,-25.2,-61.8,
-25.2Â°N/-61.5Â°E151.0m,-25.2,-61.5,
-25.2Â°N/-61.2Â°E143.5m,-25.2,-61.2,
-25.2Â°N/-60.9Â°E134.5m,-25.2,-60.9,
-25.2Â°N/-60.6Â°E130.4m,-25.2,-60.6,
-24.9Â°N/-66.3Â°E3992.7m,-24.9,-66.3,
-24.9Â°N/-66.0Â°E3294.9m,-24.9,-66,
-24.9Â°N/-62.7Â°E214.9m,-24.9,-62.7,
-24.9Â°N/-62.4Â°E197.6m,-24.9,-62.4,
-24.9Â°N/-62.1Â°E182.3m,-24.9,-62.1,
-24.9Â°N/-61.8Â°E169.1m,-24.9,-61.8,
-24.9Â°N/-61.5Â°E155.4m,-24.9,-61.5,
-24.9Â°N/-61.2Â°E147.2m,-24.9,-61.2,
-24.6Â°N/-66.3Â°E4166.1m,-24.6,-66.3,
-24.6Â°N/-66.0Â°E3734.3m,-24.6,-66,
-24.6Â°N/-65.7Â°E2933.3m,-24.6,-65.7,
-24.6Â°N/-62.4Â°E193.5m,-24.6,-62.4,
-24.6Â°N/-62.1Â°E181.1m,-24.6,-62.1,
-24.6Â°N/-61.8Â°E170.0m,-24.6,-61.8,
-24.6Â°N/-61.5Â°E159.9m,-24.6,-61.5,
-24.3Â°N/-66.0Â°E3992.5m,-24.3,-66,
-24.3Â°N/-65.7Â°E3495.0m,-24.3,-65.7,
-24.3Â°N/-62.1Â°E183.8m,-24.3,-62.1,
-24.0Â°N/-66.0Â°E3890.6m,-24,-66,
-24.0Â°N/-62.7Â°E204.2m,-24,-62.7,
-24.0Â°N/-62.4Â°E198.4m,-24,-62.4,
-23.7Â°N/-66.3Â°E3727.5m,-23.7,-66.3,
-23.7Â°N/-63.0Â°E230.3m,-23.7,-63,
-23.7Â°N/-62.7Â°E209.9m,-23.7,-62.7,
-23.7Â°N/-62.4Â°E204.1m,-23.7,-62.4,
-23.4Â°N/-64.8Â°E1916.7m,-23.4,-64.8,
-23.4Â°N/-64.5Â°E632.7m,-23.4,-64.5,
-23.4Â°N/-63.0Â°E229.8m,-23.4,-63,
-23.4Â°N/-62.7Â°E216.0m,-23.4,-62.7,
-23.4Â°N/-62.4Â°E210.2m,-23.4,-62.4,
-23.1Â°N/-64.8Â°E1969.2m,-23.1,-64.8,
-23.1Â°N/-64.5Â°E645.6m,-23.1,-64.5,
-23.1Â°N/-63.0Â°E232.0m,-23.1,-63,
-23.1Â°N/-62.7Â°E223.5m,-23.1,-62.7,
-23.1Â°N/-62.4Â°E216.8m,-23.1,-62.4,
-22.8Â°N/-65.1Â°E3179.6m,-22.8,-65.1,
-22.8Â°N/-64.8Â°E1839.3m,-22.8,-64.8,
-22.8Â°N/-64.5Â°E742.8m,-22.8,-64.5,
-22.8Â°N/-63.0Â°E246.6m,-22.8,-63,
-22.8Â°N/-62.7Â°E234.6m,-22.8,-62.7,
-22.8Â°N/-62.4Â°E227.7m,-22.8,-62.4,
-22.5Â°N/-65.1Â°E3287.4m,-22.5,-65.1,
-22.5Â°N/-64.8Â°E2120.3m,-22.5,-64.8,
-22.5Â°N/-64.5Â°E1029.6m,-22.5,-64.5,
-22.5Â°N/-64.2Â°E721.3m,-22.5,-64.2,
-22.5Â°N/-63.0Â°E283.3m,-22.5,-63,
-22.5Â°N/-62.7Â°E251.5m,-22.5,-62.7,
-22.5Â°N/-62.4Â°E243.5m,-22.5,-62.4,
-22.2Â°N/-65.1Â°E3484.0m,-22.2,-65.1,
-22.2Â°N/-64.8Â°E2493.9m,-22.2,-64.8,
-22.2Â°N/-63.0Â°E311.8m,-22.2,-63,
